,personId,contentId,eventStrength
0,62,0,5
1,39,1,3
2,74,2,5
3,85,3,5
4,54,4,3
5,68,5,1
6,86,6,5
7,129,7,1
8,112,8,3
9,75,9,3
10,65,10,3
11,131,11,1
12,47,2,1
13,143,12,3
14,137,13,3
15,14,14,3
16,15,15,2
17,51,16,5
18,156,17,4
19,30,18,4
20,69,19,5
21,39,2,3
22,9,1,3
23,156,11,4
24,104,20,3
25,130,4,3
26,16,8,3
27,86,21,5
28,44,22,5
29,146,11,5
30,107,23,5
31,137,24,1
32,144,17,4
33,137,25,2
34,122,1,4
35,139,19,5
36,73,26,4
37,83,15,5
38,144,21,5
39,119,27,5
40,64,28,3
41,131,9,1
42,60,7,2
43,30,2,5
44,41,29,2
45,113,11,4
46,92,20,3
47,104,30,4
48,74,16,4
49,149,31,4
50,49,18,4
51,55,22,4
52,156,32,4
53,133,33,5
54,93,2,5
55,101,18,3
56,107,17,4
57,51,34,4
58,132,24,4
59,49,35,5
60,113,28,5
61,6,2,4
62,92,9,5
63,75,36,2
64,115,28,5
65,90,37,4
66,90,19,4
67,116,23,2
68,131,1,3
69,109,30,5
70,150,27,4
71,138,11,3
72,85,38,2
73,74,37,5
74,126,27,5
75,14,39,4
76,110,40,4
77,105,30,4
78,28,2,5
79,132,19,3
80,31,41,5
81,64,17,3
82,126,9,5
83,22,9,3
84,26,31,3
85,140,10,3
86,99,30,3
88,126,26,5
89,24,33,5
90,153,42,5
91,53,1,5
92,106,43,5
93,129,43,5
94,13,11,5
95,58,40,3
96,84,10,5
97,94,41,4
98,37,41,3
99,7,5,4
100,5,10,5
101,78,44,5
102,53,42,5
103,24,28,4
104,117,25,5
105,8,33,5
106,25,34,3
107,9,16,3
108,118,45,5
109,103,8,4
110,110,34,3
111,109,18,3
112,139,9,4
113,143,31,3
114,141,42,4
115,133,10,5
116,156,33,4
117,65,3,4
118,97,40,4
119,128,41,4
120,4,28,5
121,7,27,4
122,145,38,5
123,0,29,2
124,129,17,5
125,22,26,2
126,140,35,5
127,96,7,2
128,70,38,2
129,86,17,5
130,25,22,3
131,117,38,5
132,92,2,1
134,63,29,1
135,65,12,3
136,15,27,1
137,73,7,5
138,8,10,2
139,140,6,4
140,151,30,3
141,134,10,4
142,54,17,5
143,29,39,4
144,90,28,5
145,28,12,3
146,8,27,3
147,96,38,4
148,11,19,2
149,54,6,5
150,59,9,3
151,129,18,3
152,12,28,5
153,50,40,5
154,47,19,5
155,68,34,3
156,80,28,5
157,105,46,3
158,107,30,4
159,30,30,4
160,117,13,5
161,54,23,3
162,82,39,5
163,123,43,4
164,22,4,2
165,138,37,5
166,100,34,3
167,89,38,5
168,87,5,5
169,25,18,4
170,67,24,4
171,117,22,5
172,28,18,4
173,43,14,3
174,155,20,3
175,28,41,4
176,1,44,1
177,151,18,4
178,156,8,4
179,122,40,3
180,54,20,2
181,147,21,4
182,99,9,3
183,98,4,4
184,147,2,3
185,113,24,4
186,128,31,3
187,76,38,4
188,18,1,5
189,39,35,3
190,7,12,4
191,59,6,5
192,21,10,3
193,15,8,4
194,148,37,4
195,10,40,4
196,48,29,4
197,14,26,4
198,135,31,4
199,85,42,4
200,69,35,5
201,152,24,4
202,70,28,3
203,112,37,5
204,0,8,3
205,111,36,2
206,154,44,5
207,39,41,3
208,157,28,4
209,27,23,3
210,58,2,4
211,69,24,5
212,8,15,1
213,18,21,5
214,152,39,5
215,92,16,5
216,113,13,5
217,6,38,5
218,140,29,2
219,25,15,5
220,136,6,2
221,122,2,3
222,38,6,5
224,138,23,2
225,69,11,5
226,103,24,5
227,50,24,5
228,136,30,2
229,25,44,4
230,60,45,4
231,68,41,3
232,51,11,4
233,145,25,5
234,82,38,5
235,114,44,5
236,104,5,5
237,114,23,3
238,138,26,4
239,41,7,5
240,54,0,3
241,111,16,3
242,87,47,5
243,112,38,3
244,8,34,3
245,151,39,5
246,59,45,3
247,80,35,5
248,96,24,1
249,100,6,3
250,105,47,5
251,2,24,2
252,109,8,4
253,35,43,5
254,95,18,4
255,64,15,3
256,116,36,4
257,92,38,5
258,30,14,5
259,83,27,3
260,13,40,5
261,74,4,5
262,119,40,5
263,94,34,3
264,151,17,5
265,17,31,4
266,20,23,3
267,95,33,2
268,5,0,5
269,18,23,5
270,70,18,1
271,83,14,3
272,141,27,2
273,63,40,3
274,147,18,3
275,109,9,2
276,135,14,5
277,39,30,2
278,27,16,3
279,16,3,5
280,48,40,4
281,81,29,1
282,97,24,5
283,97,15,4
284,137,7,3
285,20,7,3
286,95,22,4
287,124,12,4
288,130,1,3
289,41,46,5
290,73,12,3
291,32,14,5
292,73,2,5
293,61,48,5
294,78,37,5
295,124,41,5
296,70,32,5
297,122,6,4
298,16,31,3
299,110,33,3
300,25,11,4
301,150,0,5
302,50,0,5
303,85,1,4
304,26,12,2
305,153,45,5
306,73,33,5
307,108,28,4
308,132,18,4
309,75,12,2
310,116,0,4
311,143,21,5
312,49,44,5
313,89,4,4
314,122,47,4
315,144,10,4
316,79,32,3
317,9,13,2
318,16,35,5
319,95,3,4
320,113,37,5
321,40,11,4
322,98,15,4
323,123,47,4
324,13,2,5
325,3,1,3
326,75,44,2
327,18,36,2
328,155,40,3
329,120,39,5
330,43,16,2
331,111,25,2
332,78,39,5
333,5,23,4
334,21,21,3
335,99,25,3
336,109,26,5
337,75,38,2
338,101,2,5
339,71,12,3
340,17,26,4
341,87,20,5
342,140,2,4
343,136,13,5
344,43,25,4
345,75,11,4
346,130,40,5
347,67,5,3
348,150,41,5
349,98,46,3
350,86,46,4
351,144,7,3
352,146,42,5
353,131,13,4
354,82,44,4
355,82,47,3
356,70,31,2
357,23,26,3
358,48,44,3
359,62,38,4
360,66,6,5
361,21,14,5
362,122,20,4
363,90,13,4
364,117,5,1
365,9,47,4
366,12,14,5
367,96,44,4
368,141,21,5
369,51,47,4
370,51,12,4
371,137,21,3
372,34,4,4
373,27,22,3
374,82,2,4
375,39,44,2
376,24,31,4
377,47,26,5
378,28,20,2
379,38,33,4
380,115,47,5
381,155,37,4
382,78,38,5
384,122,10,5
385,136,27,3
386,116,15,1
387,72,18,4
388,149,41,5
389,44,1,3
390,46,5,4
391,124,47,5
392,142,32,5
393,134,4,5
394,50,42,1
395,99,20,3
396,102,21,4
397,89,6,4
398,34,40,3
399,90,15,4
400,5,31,5
401,12,35,5
402,0,18,4
403,114,42,5
404,133,14,5
405,141,6,3
406,84,6,5
407,132,35,5
408,48,32,5
409,75,17,2
410,156,5,1
411,11,3,2
412,153,22,5
413,12,41,5
414,135,10,3
415,31,48,4
416,56,12,4
417,6,40,4
418,151,4,5
420,48,21,4
421,106,42,1
422,106,3,1
423,84,47,4
424,102,8,1
425,38,23,5
426,130,34,4
427,44,6,5
428,52,2,5
429,124,35,1
430,103,38,5
431,138,18,3
432,73,10,3
433,60,25,4
434,34,8,4
435,158,35,3
436,77,34,5
437,27,27,1
438,97,23,3
439,157,30,4
440,19,30,4
441,35,8,4
442,8,35,4
443,53,11,5
444,135,1,5
445,138,16,2
446,143,46,4
447,138,30,2
448,134,14,5
449,133,9,3
450,70,29,2
451,117,44,5
452,7,8,4
453,56,35,5
454,104,23,4
455,127,0,5
456,155,7,2
457,158,30,5
458,100,5,4
459,124,25,4
460,35,47,4
461,149,6,5
462,108,25,4
463,120,14,5
464,57,17,4
465,110,16,3
466,82,9,3
467,157,9,4
468,23,38,4
470,41,35,3
471,12,8,5
472,72,22,5
473,78,24,1
474,10,34,4
475,32,39,4
476,11,35,5
477,45,34,5
478,121,32,1
479,48,22,5
480,100,48,4
481,40,9,4
482,85,19,2
483,92,5,3
484,6,46,4
485,58,23,3
486,62,7,3
487,27,42,3
488,69,1,3
489,83,29,2
490,134,8,5
491,41,18,4
492,38,8,4
493,139,36,5
494,36,13,5
495,46,40,5
496,11,30,4
497,8,7,3
498,20,31,4
499,100,10,4
500,53,13,3
501,28,0,5
502,95,17,5
503,66,40,4
504,78,18,3
505,12,12,5
506,64,48,5
507,56,7,4
508,125,39,4
509,3,9,4
510,91,45,5
511,85,18,3
512,45,33,2
513,6,39,5
514,106,13,3
515,65,22,4
516,24,6,4
517,81,3,5
518,78,6,5
519,121,9,4
520,3,20,3
521,117,26,5
522,83,9,4
523,119,24,5
524,33,11,4
525,84,36,4
526,109,15,1
527,4,21,5
528,105,40,5
529,136,8,2
530,128,25,3
531,141,12,3
532,117,29,3
533,107,16,5
534,47,42,4
535,40,14,5
536,74,29,3
537,54,48,3
538,96,21,4
539,33,3,4
540,116,22,3
541,91,8,5
542,97,20,2
544,156,25,4
545,107,42,2
546,32,0,2
547,150,48,5
548,109,7,1
549,138,7,4
550,152,29,3
551,44,43,4
552,108,38,5
553,62,22,4
554,45,37,5
555,125,9,3
556,37,48,3
557,72,46,5
558,58,30,3
559,35,19,4
560,121,47,4
561,40,45,2
562,19,11,4
563,110,9,4
564,127,45,5
565,127,34,5
566,143,19,5
567,68,36,3
568,74,36,5
569,85,7,4
570,47,30,4
571,124,7,5
572,120,33,5
573,73,13,5
574,24,44,4
575,36,37,5
576,19,19,4
577,108,9,4
578,143,22,4
579,104,27,3
580,78,5,2
581,117,46,2
582,40,13,4
583,135,11,4
584,121,22,5
585,33,25,3
586,129,26,5
587,25,47,4
588,51,31,5
589,9,36,4
590,43,33,4
591,36,16,5
592,36,6,5
593,136,43,1
594,63,14,5
595,122,32,5
596,69,0,5
597,61,28,5
598,12,21,5
599,58,27,2
600,52,12,5
601,86,35,4
602,144,37,5
603,29,48,3
604,147,0,5
605,24,40,4
606,144,33,5
607,88,28,4
608,13,41,5
609,129,5,2
610,101,44,5
611,138,22,2
612,21,15,2
613,119,31,5
614,42,0,5
615,76,33,5
616,83,33,2
617,96,8,3
618,103,42,1
619,135,39,5
620,130,46,4
621,29,20,3
622,26,37,3
623,141,24,4
624,10,18,4
625,45,41,5
626,75,40,3
627,71,35,4
628,109,40,2
629,33,2,1
630,17,21,5
631,152,5,3
632,110,12,2
633,107,9,4
634,7,37,5
635,53,26,5
636,110,29,1
637,27,45,2
638,52,11,5
639,18,32,1
640,19,9,2
641,148,38,5
642,68,15,2
643,8,38,3
644,43,42,4
645,36,23,5
646,126,44,5
647,149,3,4
648,5,36,4
649,27,0,3
651,32,22,4
652,106,22,4
653,22,28,4
654,97,42,1
655,2,29,3
656,81,47,4
657,82,12,5
658,128,16,4
659,119,15,5
660,57,35,4
661,117,43,2
662,31,8,2
663,47,6,5
664,157,33,5
665,80,3,5
666,102,27,1
667,5,24,2
668,126,10,5
669,94,16,3
670,52,4,5
671,40,20,3
672,135,3,4
673,34,43,4
674,153,20,5
675,36,32,5
676,98,45,4
677,102,26,4
678,93,45,4
679,65,16,3
680,108,2,4
681,138,12,5
682,137,32,3
683,113,22,5
684,126,42,5
685,127,32,3
686,87,31,5
687,45,46,2
688,47,5,5
689,20,22,4
690,105,8,4
691,68,45,2
692,111,23,3
693,90,10,4
694,158,17,3
695,24,22,4
696,88,1,3
697,5,17,4
698,136,14,4
699,40,0,4
700,74,33,2
701,145,2,5
702,95,21,4
703,65,48,5
704,138,47,2
705,72,10,4
706,52,10,5
707,112,36,4
708,100,9,5
709,84,40,4
710,92,34,5
711,154,4,3
712,108,45,3
713,149,38,3
714,131,31,3
715,129,9,3
716,44,46,5
717,6,25,5
718,122,42,2
719,49,31,5
720,69,6,4
721,124,42,3
722,115,25,5
723,78,30,4
724,51,5,1
725,60,41,5
726,53,31,3
727,10,22,4
728,84,3,5
729,132,27,3
730,16,46,5
731,36,17,5
732,10,47,2
733,96,30,3
734,123,8,4
735,140,21,4
736,133,5,4
737,131,8,3
738,43,34,3
739,55,16,5
740,68,0,4
741,20,0,4
742,137,31,2
743,15,41,2
744,47,4,5
745,73,28,3
746,83,16,5
747,128,43,4
748,48,8,4
749,11,43,5
750,156,13,4
751,132,37,5
752,109,0,5
753,4,13,5
754,80,19,5
755,14,28,5
756,15,38,5
757,153,19,5
758,34,30,4
759,41,3,3
760,146,20,5
761,57,18,4
762,78,42,4
763,61,41,5
764,155,15,3
765,53,45,2
766,39,33,3
768,87,25,5
769,138,41,2
770,74,17,5
771,2,45,2
772,151,2,4
773,35,44,3
774,9,9,2
775,28,38,4
776,69,13,5
777,133,12,5
778,34,10,4
779,89,44,4
780,66,39,5
781,43,21,5
782,115,8,5
783,59,8,4
784,100,27,5
785,149,30,5
786,95,40,4
787,24,35,4
788,92,35,5
789,98,9,5
790,14,20,2
791,64,38,3
792,64,35,5
793,12,2,5
794,105,35,5
795,129,14,5
796,63,46,5
797,20,15,2
798,132,11,4
799,90,18,4
800,13,24,1
801,73,23,3
802,118,44,5
803,7,19,4
804,39,12,3
805,121,5,1
806,41,48,1
807,122,39,4
808,148,25,3
809,26,0,3
810,108,21,5
811,68,7,5
812,65,19,3
813,108,30,3
814,0,1,3
815,72,42,2
816,140,43,3
817,149,14,5
818,93,1,2
819,153,36,5
820,132,2,5
821,110,27,5
822,61,5,3
823,126,1,5
824,48,31,4
825,71,5,2
826,95,31,5
827,74,12,5
828,104,22,5
829,95,25,5
830,112,22,3
831,125,22,4
832,155,9,3
833,31,11,3
834,37,25,4
835,102,35,4
836,100,16,4
837,62,19,4
838,12,9,5
839,101,19,4
840,44,36,5
841,122,26,5
842,68,26,4
843,29,29,3
844,39,31,3
845,60,47,4
846,30,7,4
847,112,34,4
848,50,41,3
849,46,42,2
850,131,36,4
851,147,37,5
852,55,35,5
853,83,40,5
854,91,1,5
855,62,18,4
856,38,15,4
857,130,0,4
858,122,24,5
859,39,9,3
860,102,22,4
861,132,23,4
862,3,2,1
863,94,30,3
864,84,46,2
865,146,9,4
866,147,43,2
867,7,45,4
868,48,42,4
869,31,42,4
870,11,16,4
871,80,32,2
872,32,48,4
873,104,1,3
874,118,7,3
875,130,11,4
876,64,3,2
877,25,6,5
878,68,11,3
879,13,47,5
880,91,9,5
881,97,5,3
882,55,2,5
883,147,39,1
884,154,43,5
885,108,46,5
886,157,42,4
887,155,43,3
888,89,0,1
889,75,8,1
890,106,47,1
891,73,42,4
892,68,28,4
893,18,33,5
894,67,18,5
895,23,15,3
896,108,19,5
897,98,30,5
898,92,23,4
899,54,37,5
900,126,38,5
901,57,26,3
902,68,21,4
903,1,27,2
904,65,11,2
905,73,36,5
906,153,37,5
907,77,47,5
908,87,15,5
909,30,0,4
910,136,5,3
911,75,18,2
912,68,16,3
913,88,11,3
914,152,16,3
915,64,6,5
916,148,6,5
917,34,37,5
918,57,44,3
919,71,3,4
920,79,36,4
921,17,30,5
922,122,37,5
923,49,10,5
924,85,29,3
925,73,21,5
927,72,28,3
928,68,12,5
929,0,42,3
930,91,32,2
931,111,42,2
932,13,22,3
933,20,21,4
934,97,19,4
935,88,35,3
936,49,42,4
937,64,37,5
938,115,40,5
939,135,40,3
940,134,37,5
941,25,10,4
942,19,17,2
943,79,14,5
944,29,37,5
945,86,45,5
946,136,36,4
947,78,29,3
948,25,12,4
949,106,36,4
950,55,18,3
951,56,9,4
952,36,46,3
953,89,25,5
954,147,19,2
955,4,10,5
956,75,47,2
957,81,21,2
958,42,9,5
959,97,21,4
960,153,13,5
961,153,33,5
962,35,27,5
963,25,23,4
964,116,30,3
965,140,3,3
966,90,42,4
967,26,32,5
968,75,37,3
969,7,40,4
970,152,19,5
971,87,21,5
972,53,32,5
973,27,30,3
974,47,9,3
975,57,34,3
976,7,22,4
977,30,17,4
978,88,22,3
979,104,46,4
980,51,9,4
981,118,35,5
982,80,39,4
983,155,13,5
984,10,45,3
985,72,3,5
986,119,26,5
987,147,14,4
988,142,35,4
989,60,13,5
990,72,9,3
991,156,44,4
992,49,6,5
993,112,0,2
994,16,40,5
995,113,39,4
996,31,44,4
997,101,29,5
998,3,0,5
999,68,24,4
1000,14,7,2
1001,84,33,2
1002,158,4,4
1003,93,33,3
1004,83,37,4
1005,130,48,4
1006,24,10,4
1007,143,14,4
1008,144,6,5
1009,47,32,3
1010,68,48,3
1011,139,26,5
1012,124,11,5
1013,34,14,5
1014,47,7,3
1015,90,17,4
1016,14,0,2
1017,1,30,1
1018,103,43,4
1019,86,14,5
1020,59,25,3
1021,111,2,3
1022,130,23,3
1023,49,38,4
1024,129,19,5
1025,86,5,2
1026,62,4,4
1027,146,28,5
1028,46,47,5
1029,154,33,4
1030,143,10,3
1031,117,40,5
1032,127,26,5
1033,19,37,4
1034,135,19,5
1035,42,10,5
1036,14,38,3
1037,45,30,5
1038,85,44,5
1039,29,43,2
1040,54,11,5
1041,147,22,4
1042,120,4,5
1043,108,22,3
1044,57,37,3
1045,155,22,4
1046,151,42,3
1047,57,38,3
1048,152,32,3
1049,39,14,3
1050,94,48,3
1051,57,47,4
1052,75,19,3
1053,52,26,5
1054,72,14,5
1055,82,32,5
1056,75,14,1
1057,46,11,5
1058,76,47,3
1059,135,22,3
1060,77,22,5
1061,97,38,3
1062,103,20,4
1063,94,21,5
1064,97,11,2
1065,92,13,5
1066,158,2,3
1067,121,2,2
1068,122,33,4
1069,42,32,5
1070,92,31,5
1071,64,29,4
1072,98,19,5
1073,30,34,4
1074,107,4,4
1075,47,28,5
1076,99,14,5
1077,119,38,5
1078,110,36,3
1079,110,26,2
1080,142,29,4
1081,148,26,4
1082,37,34,3
1083,158,3,3
1084,1,29,4
1085,130,20,4
1086,111,38,3
1087,63,38,2
1088,139,34,3
1089,65,6,5
1090,71,44,2
1091,110,24,3
1092,93,26,5
1093,92,39,4
1094,134,26,5
1095,134,25,4
1096,59,23,1
1097,4,47,3
1098,144,15,4
1099,11,25,4
1100,76,18,3
1101,115,9,2
1102,44,4,3
1103,153,26,5
1104,106,27,5
1105,92,43,4
1106,16,39,4
1107,143,11,3
1108,125,25,4
1109,2,14,4
1110,29,24,3
1111,24,25,4
1112,123,25,3
1113,2,18,4
1115,158,0,5
1116,33,26,3
1117,100,11,5
1118,143,29,3
1119,89,45,4
1120,63,21,3
1121,76,19,4
1122,68,31,2
1123,11,21,5
1124,92,45,3
1125,141,20,3
1126,69,27,5
1127,63,12,1
1128,62,14,5
1129,106,44,1
1130,103,31,4
1131,82,36,3
1132,2,21,4
1133,132,7,3
1134,143,20,3
1135,112,42,4
1136,119,7,5
1138,89,13,5
1139,134,5,5
1140,134,30,4
1141,125,42,3
1142,24,5,2
1143,29,44,4
1144,23,24,3
1145,154,40,4
1146,94,23,1
1147,72,36,2
1148,4,26,5
1149,69,25,4
1150,148,13,5
1151,122,45,4
1152,108,13,5
1153,93,25,4
1154,103,1,3
1155,44,45,5
1156,8,41,3
1157,20,24,3
1158,59,44,3
1159,138,9,3
1160,148,40,3
1161,99,1,2
1162,9,21,4
1163,12,20,4
1164,103,19,5
1165,21,42,3
1166,69,47,3
1167,15,19,3
1168,87,19,5
1169,102,10,3
1170,37,32,3
1171,48,18,4
1172,119,44,5
1173,40,4,3
1174,54,47,5
1175,20,8,3
1176,114,11,5
1177,50,30,4
1178,80,13,3
1179,17,40,3
1180,147,7,4
1181,72,8,4
1182,80,21,5
1183,74,21,5
1184,102,25,2
1185,52,0,3
1186,72,1,5
1187,47,29,5
1188,107,24,4
1189,51,14,1
1190,135,45,5
1191,134,36,5
1192,92,10,4
1193,98,33,4
1194,112,27,4
1195,155,46,3
1196,42,8,5
1197,129,27,2
1198,75,26,2
1199,107,46,2
1200,4,42,5
1202,54,40,4
1203,0,6,5
1204,25,9,3
1205,118,18,4
1206,83,21,4
1207,15,42,3
1208,125,1,4
1209,109,45,5
1210,70,0,5
1211,115,36,5
1212,76,48,3
1213,115,35,2
1214,80,9,2
1215,38,4,4
1216,144,16,3
1217,12,22,5
1218,115,38,5
1219,64,18,2
1220,84,32,5
1221,59,24,3
1223,98,35,5
1224,5,9,3
1225,106,15,1
1226,146,24,5
1227,40,21,4
1228,70,36,3
1229,144,32,4
1230,135,9,3
1231,45,44,5
1232,62,41,5
1233,35,7,4
1234,123,7,3
1235,39,43,3
1236,69,23,3
1237,23,41,3
1238,145,6,5
1239,94,44,4
1240,30,36,3
1241,72,48,3
1242,124,24,1
1243,86,11,4
1244,47,14,1
1245,100,28,5
1246,113,48,4
1247,1,11,5
1248,9,6,4
1249,131,24,4
1250,64,22,3
1251,142,28,5
1252,40,36,4
1253,14,37,4
1254,16,5,4
1255,34,47,4
1256,74,26,5
1257,89,10,2
1258,30,4,5
1260,136,39,4
1261,34,18,4
1262,60,40,5
1263,85,39,5
1264,62,32,4
1265,81,35,2
1266,101,38,5
1267,60,42,4
1268,128,18,3
1269,92,28,5
1271,74,45,4
1272,11,31,5
1273,76,31,5
1274,17,10,5
1275,70,15,1
1276,157,0,5
1277,132,38,3
1278,43,48,3
1279,128,29,2
1280,146,31,4
1281,11,39,5
1282,104,4,3
1283,4,33,4
1284,135,4,3
1285,125,37,4
1286,19,22,4
1288,144,26,3
1289,81,34,3
1290,153,27,5
1291,60,35,3
1292,66,9,4
1293,50,48,3
1294,116,46,3
1295,11,32,1
1296,135,35,4
1297,73,35,5
1298,48,24,4
1299,105,10,5
1300,8,44,3
1301,132,8,4
1302,152,40,4
1303,29,35,5
1304,141,33,4
1305,118,38,4
1306,137,46,1
1307,17,9,2
1308,73,45,4
1309,82,34,3
1310,109,2,2
1311,86,39,5
1312,112,43,4
1313,121,26,5
1314,143,32,3
1315,140,1,3
1316,95,11,4
1317,89,5,1
1318,147,40,4
1319,150,47,3
1320,10,28,4
1321,60,15,3
1322,62,42,3
1323,17,41,5
1324,17,15,3
1325,6,10,3
1326,31,32,3
1327,36,22,3
1328,81,28,3
1329,71,42,4
1330,16,24,4
1331,80,20,3
1332,26,21,3
1333,146,0,5
1334,95,16,5
1335,79,38,3
1336,123,40,5
1337,96,18,3
1338,146,19,5
1339,48,45,4
1340,97,41,4
1341,18,3,4
1342,110,19,4
1343,132,0,4
1344,37,10,3
1345,12,37,5
1346,119,34,5
1347,46,26,4
1348,146,17,5
1349,55,36,5
1350,34,11,5
1351,125,18,3
1352,66,28,5
1353,133,3,5
1354,100,47,4
1355,122,19,3
1356,27,44,2
1357,22,48,3
1358,19,35,4
1359,106,9,3
1360,36,47,3
1361,67,48,3
1362,10,38,2
1363,130,21,4
1364,82,43,1
1365,138,0,2
1366,89,7,1
1367,118,3,5
1368,128,46,3
1370,17,16,4
1371,88,13,3
1372,41,26,3
1373,129,39,5
1374,50,25,2
1375,59,46,3
1376,23,9,1
1377,23,19,3
1378,124,9,5
1379,99,5,2
1380,128,9,3
1381,109,11,1
1382,64,43,1
1383,94,27,4
1384,58,46,3
1385,6,43,5
1386,105,34,5
1387,17,35,4
1388,150,30,3
1389,118,29,5
1390,151,40,2
1391,72,0,4
1392,92,19,5
1393,156,16,4
1394,88,6,5
1395,156,43,4
1396,148,21,4
1397,59,14,3
1398,95,39,4
1399,86,10,4
1400,125,13,5
1401,16,29,3
1402,145,31,5
1403,66,35,4
1404,72,27,3
1405,141,4,4
1407,56,17,4
1408,19,13,4
1409,110,46,3
1410,97,36,2
1411,77,5,1
1412,72,38,5
1413,158,5,1
1414,143,16,4
1415,38,29,4
1416,107,45,2
1417,84,14,2
1418,77,25,5
1419,38,41,5
1420,86,23,4
1421,44,30,5
1422,9,41,4
1423,25,19,3
1424,111,33,4
1425,25,26,4
1426,60,23,5
1427,15,1,3
1428,38,24,3
1429,82,17,5
1430,74,34,4
1431,38,1,3
1432,125,48,2
1433,137,18,3
1434,157,40,4
1435,22,11,2
1436,56,18,4
1437,65,23,1
1438,54,33,2
1439,111,17,1
1440,0,40,4
1441,103,16,3
1442,41,12,5
1443,85,35,5
1444,126,40,5
1445,35,5,3
1446,56,33,3
1447,157,7,3
1448,110,5,3
1449,59,4,4
1450,143,0,5
1451,51,24,3
1452,96,12,4
1453,106,4,3
1454,91,23,5
1455,136,40,2
1456,53,2,5
1457,139,29,4
1458,15,21,3
1459,34,46,3
1460,72,6,4
1461,73,31,3
1462,1,37,5
1463,155,17,2
1464,6,12,4
1465,82,46,5
1466,69,32,5
1467,53,7,5
1468,21,36,4
1469,131,6,4
1470,107,38,3
1471,64,1,5
1472,87,18,5
1473,18,6,4
1474,0,45,5
1475,140,28,5
1476,24,34,4
1477,95,38,4
1478,102,37,4
1479,89,17,4
1480,52,22,5
1481,96,29,3
1482,2,3,3
1483,82,4,5
1484,156,10,4
1485,93,35,4
1486,44,33,5
1487,49,0,4
1488,145,1,3
1489,142,18,5
1490,124,20,4
1491,156,3,4
1492,113,42,5
1493,138,45,2
1494,147,35,5
1495,47,27,3
1496,135,17,4
1497,80,42,4
1498,155,31,3
1499,48,27,3
1500,20,14,5
1501,13,27,1
1502,105,43,5
1503,108,24,5
1504,126,2,5
1505,10,43,4
1506,135,29,3
1507,89,43,3
1508,58,45,3
1509,31,33,3
1510,20,41,4
1511,152,20,2
1512,39,29,2
1513,91,4,5
1514,15,30,3
1515,76,30,3
1516,53,25,5
1517,69,40,3
1518,16,23,3
1519,120,34,5
1520,81,40,3
1521,151,29,2
1522,73,20,5
1523,67,47,5
1524,142,7,4
1525,8,13,3
1526,68,39,5
1527,152,7,5
1528,3,13,4
1529,147,32,4
1530,44,12,5
1531,73,11,4
1532,138,14,4
1533,90,34,4
1534,62,2,5
1535,98,22,5
1536,5,12,1
1537,1,22,5
1538,21,24,3
1539,51,37,2
1540,9,12,5
1541,126,30,4
1542,118,41,5
1543,43,28,5
1544,130,30,3
1545,138,15,2
1546,40,3,4
1547,152,14,5
1548,95,29,4
1549,142,44,5
1550,5,22,5
1551,18,20,1
1552,88,30,4
1553,129,28,5
1554,94,11,2
1555,126,37,5
1556,43,31,3
1557,116,33,3
1558,80,34,3
1559,94,18,4
1560,140,42,2
1561,158,26,3
1563,45,23,5
1564,32,33,5
1565,27,9,3
1566,24,48,3
1567,0,12,2
1568,93,46,3
1569,127,6,5
1570,85,43,4
1571,8,6,3
1572,118,22,5
1573,74,41,3
1574,121,29,5
1575,59,38,4
1576,150,31,5
1577,140,5,5
1578,20,44,4
1579,25,21,5
1580,70,47,4
1581,123,35,3
1582,119,16,5
1583,70,11,3
1584,98,21,5
1585,40,35,3
1586,73,22,4
1587,156,46,1
1588,7,20,4
1589,19,14,1
1590,11,13,5
1591,15,11,2
1592,144,19,4
1593,114,31,4
1594,71,31,4
1595,106,46,1
1596,123,12,4
1597,80,1,3
1598,56,44,3
1599,58,6,3
1600,19,39,4
1601,17,48,3
1602,51,21,5
1603,119,9,5
1604,39,40,3
1605,146,22,2
1606,138,40,5
1607,101,22,4
1608,158,6,4
1609,153,16,5
1610,8,5,3
1611,43,36,3
1612,93,43,1
1613,156,31,4
1614,118,39,4
1615,93,34,1
1616,129,25,5
1617,51,6,5
1618,27,40,3
1619,12,44,2
1620,8,12,3
1621,105,6,4
1622,149,44,5
1623,95,46,2
1624,85,13,5
1625,35,22,4
1626,53,47,5
1627,75,13,4
1628,158,25,4
1629,123,13,4
1630,75,6,2
1631,22,10,3
1632,70,45,3
1633,154,23,5
1634,47,8,5
1635,42,35,5
1636,41,20,2
1637,140,26,3
1638,138,1,2
1639,104,31,4
1640,6,17,4
1641,81,9,4
1642,25,40,4
1643,76,8,3
1644,87,8,5
1645,27,48,3
1646,72,2,5
1647,4,1,5
1648,87,7,5
1649,136,42,3
1650,26,9,3
1651,145,8,4
1652,126,34,5
1653,74,18,1
1654,49,14,5
1655,80,33,4
1656,20,36,3
1657,27,32,2
1658,94,1,2
1659,72,16,5
1660,85,23,5
1661,83,18,5
1662,63,22,3
1663,24,23,4
1664,70,13,5
1665,36,28,5
1666,30,45,4
1667,38,26,4
1668,92,7,5
1669,155,30,5
1670,58,16,3
1671,52,31,3
1672,98,39,5
1673,3,17,4
1674,115,45,1
1675,120,32,5
1676,97,2,4
1677,70,23,5
1678,11,26,3
1679,91,43,5
1680,25,0,5
1681,127,12,4
1682,10,30,4
1683,66,20,2
1684,53,24,3
1685,154,9,3
1686,49,9,4
1687,137,9,4
1688,141,38,3
1689,100,19,4
1690,83,41,3
1691,157,46,4
1692,114,17,4
1693,33,43,4
1694,116,21,5
1695,38,7,5
1696,19,3,4
1697,57,45,3
1698,81,14,3
1699,14,32,3
1700,15,32,2
1701,139,20,5
1702,137,30,1
1703,34,36,4
1704,61,36,5
1705,103,27,4
1706,155,8,4
1707,92,0,4
1708,12,10,5
1709,63,10,4
1710,129,42,5
1711,76,10,5
1712,23,17,5
1713,64,30,4
1714,156,12,4
1715,11,29,2
1716,91,25,5
1717,7,28,5
1718,154,7,3
1719,62,48,4
1720,147,41,4
1721,58,0,3
1722,105,1,4
1723,65,14,4
1724,16,16,3
1725,45,36,5
1726,137,6,1
1727,36,7,2
1728,115,37,1
1729,137,38,3
1730,79,7,3
1731,89,33,4
1732,55,9,5
1733,57,8,2
1734,89,19,3
1735,5,3,3
1736,41,43,5
1737,99,8,4
1738,20,11,4
1739,93,19,3
1740,17,36,2
1741,89,11,4
1742,67,14,5
1743,24,29,4
1744,75,10,2
1745,121,33,1
1746,75,41,5
1747,114,27,3
1748,49,34,3
1749,4,5,2
1750,147,17,2
1751,93,10,2
1752,9,14,3
1753,107,28,4
1754,68,29,3
1755,100,29,4
1756,138,2,5
1757,3,46,4
1758,31,30,5
1759,82,31,4
1760,8,24,4
1761,64,16,3
1762,79,16,1
1763,22,7,3
1764,38,19,5
1765,63,17,3
1766,42,24,5
1767,83,6,3
1768,90,2,3
1769,1,5,5
1770,137,40,5
1771,32,19,4
1772,125,30,4
1773,136,38,5
1774,142,42,3
1775,43,12,4
1777,99,47,4
1778,49,43,3
1779,35,14,5
1780,150,28,5
1781,26,36,3
1782,63,34,3
1783,71,46,3
1784,127,36,5
1785,104,0,3
1786,157,18,4
1787,64,24,5
1788,123,46,4
1789,16,18,5
1790,153,23,5
1791,143,48,5
1792,113,31,4
1794,79,12,1
1795,145,28,5
1796,14,3,5
1797,113,18,4
1798,82,14,5
1799,114,28,5
1800,106,10,5
1801,77,17,4
1802,138,38,2
1803,86,26,3
1804,16,19,5
1805,88,29,4
1806,131,5,3
1807,134,42,5
1808,38,17,5
1809,124,28,4
1810,153,8,5
1811,152,22,4
1812,2,23,4
1813,11,42,5
1814,14,17,5
1815,78,23,5
1816,141,10,4
1817,71,17,3
1818,35,15,2
1819,95,30,3
1820,81,31,3
1821,87,2,5
1822,133,24,2
1823,147,30,4
1824,20,39,5
1825,61,2,4
1826,58,41,3
1827,99,31,2
1828,133,44,5
1829,6,42,3
1830,17,11,3
1831,59,2,3
1832,96,47,3
1833,110,41,3
1834,47,40,5
1835,111,35,4
1836,88,18,3
1837,71,7,3
1838,79,27,4
1839,107,27,3
1840,41,10,5
1841,58,22,4
1842,20,35,4
1843,16,21,3
1844,49,15,5
1845,128,10,4
1846,95,4,3
1847,40,28,3
1848,68,18,4
1849,87,39,5
1850,48,28,5
1851,114,4,4
1852,78,3,4
1853,41,41,3
1854,99,34,5
1855,17,19,4
1856,1,46,2
1857,6,34,4
1858,133,40,5
1859,50,33,4
1860,88,43,4
1861,147,13,4
1862,24,32,3
1863,116,26,3
1864,5,46,4
1865,142,31,5
1866,2,11,4
1867,6,4,5
1868,113,26,5
1869,136,46,2
1870,94,43,3
1871,133,31,5
1872,114,25,5
1873,154,8,5
1874,13,31,3
1875,48,16,4
1876,3,26,4
1877,149,11,2
1878,15,47,4
1879,102,7,4
1880,4,24,5
1881,33,8,2
1882,13,25,2
1883,99,32,3
1884,151,26,5
1885,157,25,4
1886,18,7,4
1887,90,47,4
1888,148,11,4
1889,6,36,5
1890,69,41,5
1891,3,11,4
1892,4,6,5
1893,136,0,5
1894,34,5,1
1895,116,14,3
1896,72,34,4
1897,122,29,4
1898,4,7,3
1899,99,7,5
1900,120,48,5
1901,56,24,1
1902,97,48,2
1903,58,19,3
1904,128,19,3
1905,81,11,3
1906,10,10,4
1907,35,41,5
1908,2,36,3
1909,154,30,3
1910,119,36,5
1911,75,4,3
1912,43,26,2
1913,48,41,4
1914,119,47,5
1915,123,26,4
1916,32,15,3
1917,26,42,3
1918,59,10,4
1919,44,16,4
1920,96,35,3
1921,91,35,5
1922,4,38,3
1923,25,27,3
1924,37,39,5
1925,40,5,3
1926,3,7,4
1927,28,43,5
1928,154,26,5
1929,3,33,5
1930,126,8,5
1931,82,48,4
1932,95,10,5
1933,50,43,3
1934,140,46,2
1935,32,46,4
1936,31,46,2
1937,106,34,4
1938,7,42,3
1939,100,12,5
1940,147,20,4
1941,148,41,4
1942,70,35,5
1943,98,48,3
1944,95,9,4
1945,40,27,3
1946,54,24,1
1947,58,39,5
1948,128,3,4
1949,57,16,2
1950,84,12,5
1951,106,12,4
1952,143,37,2
1953,125,35,4
1954,109,35,5
1955,148,31,3
1956,134,7,4
1957,127,42,5
1958,34,38,4
1959,83,35,3
1960,41,22,2
1961,131,14,4
1962,24,30,4
1963,1,34,5
1964,133,39,5
1965,80,47,5
1966,122,14,5
1967,86,4,5
1968,115,13,1
1969,76,16,3
1970,135,43,4
1971,145,14,5
1972,33,47,4
1973,124,44,5
1974,141,2,2
1975,30,5,3
1976,110,18,3
1977,94,2,4
1978,44,0,4
1979,44,37,4
1980,126,6,5
1981,39,0,2
1982,18,16,3
1983,144,42,4
1984,102,47,4
1985,13,44,5
1986,32,10,4
1987,64,33,4
1988,124,13,5
1989,4,23,4
1990,132,31,4
1992,75,3,3
1993,154,0,5
1994,158,23,5
1995,129,12,1
1996,157,35,5
1997,120,41,5
1998,104,41,5
2000,113,46,3
2001,150,1,3
2002,67,28,5
2003,145,48,2
2004,86,1,5
2005,157,16,5
2006,9,40,4
2007,98,17,4
2008,112,41,5
2009,5,19,5
2010,40,2,4
2011,82,25,2
2012,79,9,3
2013,23,37,5
2014,45,32,4
2015,7,31,4
2016,108,40,5
2017,10,15,4
2018,121,0,3
2019,153,12,3
2020,56,20,2
2021,119,39,5
2022,66,43,2
2023,113,44,5
2024,121,34,3
2025,38,40,5
2026,21,41,4
2027,105,20,4
2028,44,5,3
2029,98,31,5
2030,102,46,4
2031,134,0,5
2032,116,34,4
2033,132,45,3
2035,133,0,4
2036,154,47,3
2037,78,48,3
2038,12,1,5
2039,137,23,2
2040,81,26,3
2041,61,9,5
2042,110,28,5
2043,152,31,3
2044,67,20,5
2045,46,14,5
2046,48,13,5
2047,90,32,3
2048,61,42,5
2049,120,46,5
2050,96,3,3
2051,49,36,5
2052,42,31,4
2053,15,34,5
2054,154,21,5
2055,139,16,5
2056,26,25,3
2057,122,30,3
2058,103,18,5
2059,18,44,2
2060,47,37,1
2061,62,33,4
2062,51,33,3
2063,6,15,3
2065,60,12,2
2066,136,32,3
2067,3,3,4
2068,104,47,3
2069,20,10,4
2070,77,35,5
2071,82,7,5
2072,135,47,3
2073,27,13,3
2074,154,17,5
2075,154,32,5
2076,1,7,1
2077,84,26,4
2078,77,36,3
2079,105,42,4
2080,43,27,2
2081,91,5,2
2082,53,41,2
2083,99,12,3
2084,88,3,4
2085,97,34,4
2086,86,38,4
2087,18,10,5
2088,42,27,5
2089,128,12,3
2090,2,41,2
2091,151,11,2
2092,123,28,5
2093,48,1,4
2094,86,37,5
2095,70,14,5
2096,75,2,1
2097,123,11,5
2098,120,15,5
2099,54,44,4
2100,126,33,4
2101,42,22,4
2102,54,7,5
2103,107,33,3
2104,58,12,2
2105,126,20,4
2106,43,43,4
2107,120,25,5
2108,98,1,5
2109,122,43,5
2110,47,11,5
2111,54,1,3
2112,105,24,4
2113,134,46,3
2114,126,32,5
2115,81,15,1
2116,60,14,2
2117,80,16,3
2118,37,0,3
2119,103,29,2
2120,94,24,4
2121,39,22,2
2122,86,24,5
2123,19,43,4
2124,68,4,3
2125,151,15,1
2126,125,32,2
2127,44,42,3
2128,157,27,3
2129,59,37,5
2130,114,38,4
2131,146,1,5
2132,136,28,3
2133,65,44,3
2134,83,43,5
2135,81,19,4
2136,119,45,5
2137,26,11,3
2138,98,2,5
2139,41,42,3
2140,47,10,3
2141,103,26,4
2142,49,37,5
2143,76,25,5
2144,75,31,4
2145,115,1,4
2146,61,38,5
2147,43,6,4
2148,134,45,5
2149,30,38,3
2150,53,28,4
2151,40,15,2
2152,75,20,3
2153,42,47,4
2154,67,6,5
2155,140,24,3
2156,59,0,3
2157,74,0,5
2158,116,19,2
2159,40,1,3
2160,136,44,4
2161,81,23,1
2162,123,42,2
2163,75,21,4
2164,17,14,5
2165,30,23,5
2166,3,31,4
2167,34,24,3
2168,94,28,4
2169,92,11,4
2170,5,33,4
2171,8,37,5
2172,63,6,5
2173,54,21,5
2174,122,28,5
2175,8,22,2
2176,102,19,4
2177,20,38,3
2178,15,9,3
2179,65,0,5
2180,132,3,4
2181,100,32,2
2182,121,15,3
2183,22,17,3
2184,146,39,5
2185,48,3,5
2186,113,17,4
2187,25,28,5
2188,147,29,3
2189,52,13,5
2190,56,2,4
2191,70,26,3
2192,104,14,3
2193,60,19,4
2194,84,43,5
2195,149,33,4
2196,45,42,3
2197,40,37,5
2198,93,39,3
2199,9,37,4
2200,37,7,4
2201,85,33,5
2202,7,21,4
2203,51,1,3
2204,150,14,3
2205,118,19,4
2206,131,41,2
2207,85,22,3
2208,146,48,5
2209,132,14,4
2210,16,7,5
2211,79,33,2
2212,26,20,3
2213,2,30,4
2214,145,9,2
2215,94,12,3
2216,1,28,2
2217,31,25,4
2218,109,29,5
2219,62,11,4
2220,3,36,4
2221,2,15,3
2222,53,19,3
2223,10,25,4
2224,81,33,2
2225,35,4,5
2226,5,39,5
2227,47,0,5
2228,34,39,3
2229,37,40,5
2230,51,44,5
2231,75,0,3
2232,55,6,5
2233,15,35,2
2234,59,20,3
2235,118,6,5
2236,104,45,5
2237,98,32,3
2238,3,44,3
2239,41,5,2
2240,103,11,3
2241,62,3,3
2242,80,48,5
2243,49,5,4
2244,14,15,2
2245,9,7,3
2246,31,28,5
2247,88,38,3
2248,14,21,4
2249,82,23,3
2250,15,23,4
2251,109,25,4
2252,15,36,3
2253,104,16,5
2254,16,43,5
2255,135,37,5
2256,44,47,5
2257,45,5,1
2258,148,17,5
2259,144,38,5
2260,51,10,5
2261,72,44,3
2262,111,43,2
2263,136,17,5
2264,2,40,5
2265,10,32,4
2266,142,33,3
2267,88,7,3
2268,107,3,5
2270,105,2,3
2271,127,43,5
2272,33,7,4
2273,56,23,3
2274,55,3,5
2275,68,38,4
2276,88,16,5
2277,143,13,5
2278,3,22,5
2279,86,9,3
2280,94,8,2
2281,127,5,1
2282,17,13,5
2283,137,0,2
2284,27,3,2
2285,123,21,4
2286,27,18,3
2287,2,6,4
2288,77,16,5
2289,102,9,4
2290,8,3,4
2291,152,46,2
2292,109,17,4
2293,60,10,5
2294,50,7,5
2295,1,24,1
2296,32,32,2
2297,64,20,3
2298,28,28,5
2299,5,14,5
2300,54,5,1
2301,77,0,5
2302,42,36,5
2303,58,10,3
2304,63,36,4
2305,0,24,2
2306,6,31,3
2307,67,32,5
2308,88,21,4
2309,5,25,5
2310,25,1,4
2311,91,27,5
2312,129,44,5
2313,118,11,5
2314,104,40,5
2315,60,30,5
2316,125,0,4
2317,158,20,5
2318,13,8,2
2319,66,19,5
2320,128,48,3
2321,22,13,3
2322,93,40,5
2323,14,48,5
2324,3,35,4
2325,65,26,3
2326,153,5,5
2327,129,15,5
2328,50,23,1
2329,152,37,5
2330,98,44,5
2331,88,26,3
2332,51,13,5
2333,70,8,1
2334,61,12,1
2335,120,0,5
2336,151,13,5
2337,151,20,1
2338,108,27,4
2339,26,39,2
2340,36,11,4
2341,22,18,4
2342,94,4,3
2343,128,26,4
2344,49,23,5
2345,39,7,3
2346,82,16,3
2347,78,46,2
2348,105,11,5
2349,140,4,5
2350,42,3,4
2351,65,9,2
2352,39,39,4
2353,156,19,4
2354,33,20,3
2355,65,33,3
2356,125,14,4
2357,117,32,5
2358,113,4,3
2359,154,18,3
2360,9,28,5
2361,145,32,2
2362,123,17,3
2363,79,2,2
2364,69,14,4
2365,38,31,5
2366,78,36,3
2367,145,33,3
2368,73,37,4
2369,110,8,3
2370,130,37,5
2371,11,41,5
2372,106,5,4
2373,40,46,3
2374,69,36,4
2375,16,9,4
2376,132,36,4
2377,18,30,4
2378,112,15,4
2379,145,26,5
2380,91,36,5
2381,127,35,5
2382,19,16,4
2383,147,45,5
2384,73,16,4
2385,154,6,3
2386,145,20,4
2387,114,40,4
2388,91,11,5
2389,78,47,5
2390,87,14,5
2391,143,39,5
2392,136,25,2
2393,137,44,2
2394,111,29,4
2395,32,23,5
2396,127,19,4
2397,138,21,2
2398,6,29,4
2399,83,8,5
2400,142,17,5
2401,37,28,5
2402,77,40,4
2403,47,47,5
2404,89,23,5
2405,68,22,4
2406,142,10,4
2407,98,7,5
2408,154,35,5
2410,42,14,5
2411,130,41,3
2412,147,10,4
2413,139,14,5
2414,48,26,3
2415,68,3,5
2416,41,44,3
2417,78,12,5
2418,105,23,3
2419,1,36,5
2420,150,8,4
2421,36,9,3
2422,65,41,4
2423,137,47,3
2424,127,7,4
2425,38,28,5
2426,79,35,4
2427,109,37,5
2428,101,12,3
2429,127,15,4
2430,84,8,5
2431,126,18,4
2432,116,5,2
2433,142,30,5
2434,13,12,3
2435,11,6,5
2436,89,8,4
2437,86,19,5
2438,62,35,4
2439,33,31,3
2440,25,29,2
2441,102,17,4
2442,17,7,4
2443,61,22,5
2444,78,19,5
2445,30,20,3
2446,152,21,5
2447,126,17,5
2448,132,9,4
2449,22,35,5
2450,99,2,4
2451,91,47,5
2452,90,20,5
2453,11,48,3
2454,64,23,5
2455,5,29,5
2456,24,0,4
2457,136,15,1
2458,26,18,3
2459,39,8,3
2460,105,16,4
2461,96,14,3
2462,107,19,5
2463,58,31,3
2464,44,23,4
2465,0,9,3
2466,136,4,4
2467,105,33,4
2468,133,30,4
2469,62,9,4
2470,16,25,5
2471,68,44,5
2472,29,26,5
2473,8,23,4
2474,68,9,3
2475,135,27,4
2476,25,13,5
2477,60,46,2
2478,66,11,5
2479,33,24,3
2480,71,37,5
2481,86,7,4
2482,18,11,3
2483,24,15,5
2484,5,27,1
2485,71,8,3
2486,103,46,4
2487,101,16,5
2488,33,14,4
2489,7,1,3
2490,153,41,5
2491,158,43,5
2492,52,21,5
2493,56,15,4
2494,63,47,3
2495,97,29,2
2496,156,1,4
2497,31,20,4
2498,128,22,4
2499,56,41,4
2500,98,13,5
2501,27,15,2
2502,59,11,4
2503,82,13,3
2504,85,48,3
2505,94,5,3
2506,23,39,5
2507,104,42,3
2508,100,7,5
2509,144,14,5
2510,97,30,3
2511,8,30,2
2512,85,36,3
2513,15,0,4
2514,145,22,4
2515,117,36,5
2516,13,45,3
2517,29,3,3
2518,36,27,5
2519,36,10,5
2520,60,9,4
2521,108,1,5
2522,42,39,5
2523,19,27,1
2525,112,24,4
2526,69,12,3
2527,53,9,5
2528,91,13,5
2529,65,25,4
2530,27,10,2
2531,81,32,4
2532,28,29,4
2533,50,45,1
2534,113,7,4
2535,7,10,4
2536,152,41,5
2537,88,10,5
2538,29,8,5
2539,114,3,5
2540,8,48,4
2541,154,34,5
2542,128,0,3
2543,7,14,4
2544,4,35,5
2545,33,40,4
2546,37,43,4
2547,23,3,5
2548,114,10,5
2549,23,27,1
2550,144,45,5
2551,158,37,4
2552,117,23,4
2553,158,18,3
2554,129,38,4
2555,58,34,4
2556,158,38,2
2557,123,29,2
2558,39,5,3
2559,105,48,3
2560,150,32,5
2561,33,17,5
2562,71,41,2
2563,3,28,5
2564,119,0,5
2565,17,45,3
2566,131,29,1
2567,56,22,4
2568,30,39,5
2569,140,20,3
2570,70,10,1
2571,137,43,1
2572,58,15,3
2573,102,14,5
2574,139,18,4
2575,63,4,5
2576,56,40,4
2577,85,31,3
2578,50,17,5
2579,1,40,5
2580,55,17,4
2581,66,48,4
2582,40,33,4
2583,37,14,4
2584,138,44,3
2585,108,0,5
2586,4,41,5
2587,142,14,5
2588,28,21,5
2589,81,6,2
2590,16,47,5
2591,12,42,5
2592,8,40,5
2593,107,22,4
2594,142,40,3
2595,52,34,3
2596,146,18,5
2597,13,3,3
2598,78,31,5
2599,101,42,5
2600,143,28,5
2601,83,1,3
2602,70,48,1
2603,21,2,3
2604,9,20,3
2605,157,20,4
2606,10,35,5
2607,156,41,5
2608,61,26,5
2609,92,44,5
2610,54,10,4
2611,126,36,5
2612,139,24,5
2613,71,27,5
2614,113,45,5
2615,108,11,5
2616,117,34,2
2617,117,30,5
2618,33,30,3
2619,91,19,5
2620,73,41,4
2621,137,3,3
2622,154,27,2
2623,83,47,4
2624,20,27,5
2625,42,21,5
2626,13,7,3
2627,157,29,2
2628,127,38,1
2629,35,16,5
2630,90,33,3
2631,54,35,5
2632,151,22,3
2633,107,20,4
2634,56,26,3
2635,31,24,3
2636,69,39,4
2637,66,14,5
2638,149,45,4
2639,63,42,2
2640,2,4,4
2641,107,7,3
2642,39,28,3
2643,131,26,4
2644,153,11,5
2645,121,28,5
2646,5,4,5
2647,136,34,2
2648,78,41,3
2649,108,5,1
2650,85,28,4
2651,63,32,3
2652,142,20,5
2653,155,11,4
2654,125,40,4
2655,140,37,4
2656,90,3,5
2657,101,43,5
2658,92,17,3
2659,91,0,5
2660,91,37,5
2661,118,34,5
2662,6,33,3
2663,118,30,5
2664,99,16,3
2665,101,6,5
2666,115,43,4
2667,89,12,5
2668,29,18,3
2669,116,18,3
2670,147,27,3
2671,53,37,5
2672,12,17,5
2673,56,31,3
2674,149,35,3
2675,24,26,3
2676,86,25,4
2677,11,24,4
2678,144,4,4
2679,55,34,5
2680,141,44,2
2681,157,48,4
2682,79,18,4
2683,28,46,3
2684,131,17,3
2685,95,36,3
2686,37,27,2
2687,48,38,4
2688,96,43,3
2689,137,27,1
2690,101,10,5
2691,79,41,5
2692,66,4,4
2693,8,4,3
2694,78,2,5
2695,150,11,5
2696,18,40,1
2697,19,23,3
2698,102,33,5
2699,61,10,5
2700,35,1,3
2701,91,38,5
2702,123,22,5
2703,72,31,3
2704,120,1,5
2705,103,47,5
2706,113,0,5
2707,36,48,5
2708,51,17,3
2709,114,41,5
2710,71,22,4
2711,102,45,1
2712,54,27,2
2713,72,33,4
2714,131,16,3
2715,67,38,5
2716,128,4,3
2717,42,26,5
2718,108,35,5
2719,45,19,5
2720,102,11,4
2721,118,14,5
2722,30,35,4
2723,26,17,2
2724,157,15,4
2725,29,15,4
2726,20,30,4
2727,87,3,5
2728,83,48,4
2729,34,0,3
2730,16,26,5
2731,5,35,5
2732,17,39,5
2733,54,8,5
2734,115,32,2
2735,155,26,4
2736,147,48,4
2737,145,11,5
2738,129,46,1
2739,0,36,2
2740,66,26,5
2741,156,30,4
2742,92,24,4
2743,39,32,2
2744,56,47,4
2745,69,15,4
2746,112,44,4
2747,52,32,5
2748,50,44,2
2749,135,38,3
2750,12,15,5
2751,39,45,4
2752,50,21,4
2753,136,29,1
2754,126,35,5
2755,88,40,3
2756,113,16,3
2757,1,33,1
2758,56,45,3
2759,71,24,5
2760,41,36,5
2761,76,21,4
2762,22,47,3
2763,115,46,5
2764,141,1,2
2765,108,6,5
2766,158,19,4
2767,155,16,4
2768,132,21,5
2769,152,26,5
2770,44,28,5
2771,100,22,4
2772,75,45,3
2773,112,4,2
2774,150,23,5
2775,17,17,4
2776,33,10,4
2777,5,21,5
2778,145,19,3
2779,59,47,5
2780,23,20,3
2781,18,28,4
2782,50,38,4
2783,88,47,5
2784,100,31,5
2785,68,40,5
2786,0,19,4
2787,55,23,3
2788,139,11,4
2789,119,37,5
2790,11,23,3
2791,125,12,3
2792,54,2,2
2793,53,23,5
2794,135,26,4
2795,154,41,5
2796,14,12,3
2797,62,26,2
2798,153,17,5
2799,110,38,4
2800,19,7,1
2801,67,31,3
2802,113,9,3
2803,69,20,3
2804,108,23,3
2805,106,45,1
2806,99,23,3
2807,133,20,1
2808,32,35,5
2809,117,15,3
2810,59,30,3
2811,84,34,4
2812,20,29,3
2813,85,9,3
2814,77,28,3
2815,35,26,3
2816,74,11,3
2817,131,48,3
2818,50,29,2
2819,122,3,4
2820,22,33,4
2821,113,43,5
2822,60,34,2
2823,124,8,4
2824,138,32,2
2825,91,12,5
2826,26,29,3
2827,43,13,4
2828,84,0,5
2829,143,35,4
2830,64,40,4
2831,125,16,3
2832,151,36,4
2833,8,43,2
2834,37,29,3
2835,2,27,5
2836,106,28,5
2837,90,23,3
2838,7,15,4
2839,156,26,4
2840,88,46,3
2841,46,12,2
2842,54,30,5
2843,52,16,3
2844,62,5,5
2845,98,14,5
2846,130,10,3
2847,52,23,5
2848,83,7,5
2849,129,10,5
2850,115,31,1
2851,85,10,5
2852,49,17,5
2853,9,26,2
2854,152,9,4
2855,84,15,5
2856,108,12,4
2857,73,43,3
2858,145,39,4
2859,37,5,4
2860,4,15,5
2861,31,6,5
2862,32,34,4
2863,34,1,4
2864,69,30,5
2865,61,21,3
2866,31,40,4
2867,128,32,4
2868,91,34,4
2869,89,36,1
2870,10,20,4
2871,115,44,3
2872,56,6,4
2873,153,6,5
2874,50,8,3
2875,55,47,3
2876,101,14,3
2877,75,30,5
2878,109,13,4
2879,0,5,3
2880,78,33,5
2881,16,2,5
2882,95,14,5
2883,71,39,3
2884,37,6,1
2885,133,15,2
2886,153,21,5
2887,149,47,2
2888,106,39,1
2889,35,11,4
2890,151,45,5
2891,106,11,2
2892,84,19,2
2893,48,2,5
2894,84,1,4
2895,89,18,5
2896,115,18,4
2897,16,36,5
2898,61,8,2
2899,105,17,5
2900,145,36,3
2901,150,42,5
2902,122,36,5
2903,77,19,4
2904,70,41,5
2905,76,7,3
2906,121,30,4
2907,12,16,5
2908,60,43,2
2909,125,26,2
2910,127,39,5
2911,35,13,5
2912,149,40,3
2913,117,9,2
2914,113,33,5
2915,148,46,3
2916,110,43,5
2917,148,23,2
2918,132,20,3
2919,120,37,5
2920,91,28,5
2921,81,0,5
2922,119,12,5
2923,127,25,5
2924,127,44,5
2925,88,14,5
2926,54,28,5
2927,46,44,5
2928,45,40,4
2929,150,26,3
2930,61,13,5
2931,80,0,3
2932,62,27,4
2933,7,32,4
2934,152,45,1
2935,70,12,5
2936,47,3,3
2937,38,37,4
2938,55,10,5
2939,23,46,5
2940,82,26,3
2941,29,2,3
2942,27,34,3
2943,48,25,4
2944,148,19,4
2945,8,36,4
2946,112,11,4
2947,0,23,4
2948,122,25,4
2949,49,4,5
2950,64,32,4
2951,87,30,5
2952,26,1,3
2953,14,47,2
2954,19,46,3
2955,46,8,3
2956,4,27,5
2957,57,15,2
2958,124,31,4
2959,148,4,4
2960,138,3,2
2961,92,42,4
2962,62,44,3
2963,150,24,5
2964,119,23,5
2965,113,29,1
2966,140,15,2
2967,64,46,4
2968,26,4,3
2969,23,44,4
2970,121,41,3
2971,79,17,4
2972,11,28,5
2973,125,34,4
2974,27,46,3
2975,126,23,5
2976,48,7,5
2977,122,7,3
2978,158,11,2
2979,130,16,4
2980,14,8,2
2981,3,15,3
2982,142,25,4
2983,148,3,4
2984,70,4,4
2985,72,19,1
2986,42,19,5
2987,35,30,2
2988,46,23,4
2989,49,7,5
2990,139,27,5
2991,11,47,2
2992,18,35,5
2993,121,48,2
2994,132,5,3
2995,33,38,4
2996,141,23,4
2997,39,3,3
2998,54,19,4
2999,66,38,5
3000,27,8,2
3001,127,3,4
3002,106,38,1
3003,10,21,5
3004,65,29,1
3005,32,18,4
3006,61,35,4
3007,98,43,5
3008,35,40,4
3009,142,36,5
3010,149,2,1
3011,102,2,4
3012,28,4,3
3013,13,0,3
3014,24,13,4
3015,45,0,3
3016,78,21,5
3017,53,21,5
3018,110,30,4
3019,36,39,5
3020,25,35,3
3021,139,17,4
3022,64,26,5
3023,146,26,5
3024,142,15,5
3025,51,41,5
3026,105,39,4
3027,4,17,4
3028,146,14,5
3029,61,30,5
3030,142,3,5
3031,44,14,5
3032,140,41,4
3033,82,1,4
3034,16,13,5
3035,118,4,5
3036,51,7,4
3037,137,12,1
3038,62,13,5
3039,62,17,1
3040,98,16,5
3041,138,13,2
3042,20,19,4
3043,7,38,4
3044,0,33,3
3045,135,20,5
3046,46,17,5
3047,0,7,3
3048,80,17,3
3049,148,35,5
3050,83,45,2
3051,24,9,1
3052,26,35,3
3053,23,10,2
3054,113,36,3
3055,123,32,4
3056,155,44,4
3057,132,25,5
3058,38,13,5
3059,125,19,3
3060,91,46,3
3061,67,39,5
3062,6,13,5
3063,53,8,5
3064,99,33,3
3065,72,21,2
3066,113,25,4
3067,12,11,5
3068,4,8,4
3069,103,5,3
3070,39,16,4
3071,132,46,3
3072,75,33,2
3073,29,28,4
3074,110,3,3
3075,65,8,5
3076,35,34,4
3077,29,22,3
3078,56,25,3
3079,106,1,1
3080,149,48,5
3081,115,14,1
3082,140,31,3
3083,7,43,5
3084,58,20,3
3085,2,47,2
3086,79,22,4
3087,157,11,4
3088,142,34,4
3089,31,16,4
3090,63,20,3
3091,111,1,3
3092,76,5,5
3093,53,18,5
3094,131,47,3
3095,28,17,5
3096,121,35,5
3097,35,35,5
3098,141,39,4
3099,24,42,4
3100,88,48,5
3101,34,31,4
3102,95,41,4
3103,153,1,5
3104,146,44,4
3105,144,39,3
3106,139,6,5
3107,16,12,5
3108,93,28,3
3109,73,5,5
3110,43,17,5
3111,153,24,5
3112,71,47,4
3113,29,34,1
3114,57,31,3
3115,50,2,5
3116,44,13,5
3117,50,32,4
3118,86,30,4
3119,147,33,4
3120,32,1,4
3121,93,18,4
3122,121,45,4
3123,114,19,5
3124,119,43,5
3125,28,25,5
3126,26,15,3
3127,76,23,3
3128,65,31,4
3129,138,39,2
3130,8,18,2
3131,10,16,4
3132,30,31,5
3133,30,28,4
3134,126,15,5
3135,71,16,1
3136,27,37,3
3137,106,25,3
3138,15,12,4
3139,114,32,4
3140,41,32,5
3141,148,44,5
3142,134,23,5
3143,94,0,5
3144,37,35,2
3145,82,20,3
3146,68,37,5
3147,127,24,5
3148,98,37,5
3149,36,19,3
3150,129,37,4
3151,22,37,4
3152,134,6,5
3153,93,3,4
3154,148,14,4
3155,23,6,4
3156,144,40,5
3157,49,48,3
3158,56,39,4
3159,73,6,3
3160,90,0,3
3161,89,15,5
3162,87,24,5
3163,18,0,5
3164,20,20,5
3165,38,47,5
3166,107,1,3
3167,101,34,5
3168,131,19,3
3169,93,15,3
3170,25,46,5
3171,76,28,1
3172,87,46,5
3173,113,5,2
3174,69,21,5
3175,115,3,4
3176,71,21,3
3177,130,25,5
3178,60,3,4
3179,134,19,1
3180,55,29,4
3181,67,40,4
3182,110,45,4
3183,119,35,5
3184,61,11,5
3185,49,1,3
3186,148,43,5
3187,26,38,2
3188,133,42,5
3189,67,23,2
3190,151,41,3
3191,67,2,5
3192,61,17,5
3193,87,48,4
3194,86,42,5
3195,58,35,4
3196,129,22,4
3197,35,31,3
3198,5,43,5
3199,60,16,4
3200,48,36,4
3201,52,27,3
3202,109,36,3
3203,36,20,5
3204,82,33,5
3205,135,33,4
3206,35,17,4
3207,98,25,5
3209,124,23,5
3210,67,16,4
3211,74,43,5
3212,45,39,5
3213,87,10,5
3214,39,34,3
3215,52,43,3
3216,45,3,5
3217,111,39,1
3218,13,16,5
3219,17,8,3
3220,135,13,4
3221,110,48,2
3222,127,46,4
3223,95,0,3
3224,93,47,3
3225,9,39,5
3226,86,16,4
3227,7,34,5
3228,79,29,3
3229,31,13,4
3230,10,39,5
3231,138,46,3
3232,126,16,5
3233,143,33,5
3234,117,1,5
3235,147,34,4
3236,107,18,2
3237,57,0,4
3238,129,21,5
3239,144,31,4
3240,124,40,4
3241,30,15,5
3242,137,28,3
3243,151,6,5
3244,96,32,2
3245,41,15,3
3246,81,2,2
3247,24,38,4
3248,145,16,3
3249,28,27,5
3250,67,0,5
3251,77,3,5
3252,118,12,3
3253,76,37,4
3254,118,10,5
3255,90,21,5
3256,157,1,5
3257,117,18,5
3258,5,6,5
3259,141,26,4
3260,112,18,4
3261,52,45,5
3262,86,8,4
3263,12,32,5
3264,56,27,1
3265,121,24,3
3266,4,11,5
3267,74,44,5
3268,104,18,5
3269,91,26,5
3270,75,43,2
3271,31,36,3
3272,153,0,5
3273,65,20,4
3274,57,41,3
3275,51,42,4
3276,16,20,3
3277,97,9,1
3278,19,10,4
3279,80,46,3
3280,101,41,5
3281,16,34,4
3282,34,16,4
3283,5,28,5
3284,76,6,4
3285,110,0,2
3286,152,18,4
3287,50,20,3
3288,91,20,5
3289,110,1,3
3290,150,25,5
3291,113,6,5
3292,122,0,5
3293,73,27,5
3294,127,41,5
3295,14,19,5
3296,52,19,3
3297,114,29,3
3298,79,39,1
3299,30,22,4
3300,3,25,4
3301,37,17,4
3302,116,41,3
3303,90,45,4
3304,146,47,5
3305,131,4,5
3306,59,42,3
3307,102,13,4
3308,60,0,5
3309,46,3,5
3310,10,19,4
3311,2,7,4
3312,36,35,5
3313,112,19,3
3314,123,38,5
3315,114,45,5
3316,128,44,2
3317,105,0,4
3318,30,10,4
3319,71,40,3
3320,13,15,5
3321,156,36,2
3322,98,42,5
3323,128,5,1
3324,55,21,5
3325,119,5,5
3326,122,44,4
3327,144,27,3
3328,38,46,4
3329,49,25,4
3330,3,29,2
3331,69,5,4
3332,110,20,5
3333,45,12,3
3334,114,35,5
3335,44,40,4
3336,60,18,3
3337,132,22,5
3338,146,27,5
3339,101,40,4
3340,3,48,4
3341,140,7,3
3342,124,15,4
3343,118,31,5
3344,145,47,1
3345,5,7,2
3346,82,37,5
3347,2,26,3
3348,101,35,3
3349,141,11,4
3350,43,20,3
3351,39,48,1
3352,45,38,5
3353,148,33,3
3354,90,30,4
3355,136,9,3
3356,127,9,3
3357,130,43,4
3358,124,34,3
3359,157,37,4
3360,35,32,3
3361,114,33,5
3362,52,7,5
3363,5,5,2
3364,19,2,1
3365,43,2,5
3366,100,18,5
3367,102,6,4
3368,104,48,3
3369,142,46,5
3370,29,31,5
3371,147,23,4
3372,0,22,2
3373,42,18,5
3374,124,0,5
3375,70,2,3
3376,59,29,3
3377,49,46,4
3378,135,48,4
3379,25,36,5
3380,61,18,5
3381,144,11,5
3382,91,2,3
3383,73,9,4
3384,33,42,3
3385,142,6,5
3386,142,48,4
3387,126,48,3
3388,147,1,3
3389,92,40,5
3390,101,17,3
3391,28,35,4
3392,109,41,5
3393,81,42,3
3394,135,36,3
3395,111,34,1
3396,50,36,4
3397,141,8,2
3398,88,17,3
3399,147,24,5
3400,139,4,5
3401,86,48,5
3402,112,31,3
3403,72,30,4
3404,108,44,4
3405,122,8,4
3406,55,44,4
3407,34,2,3
3408,139,39,5
3409,90,31,5
3411,67,34,5
3412,89,16,4
3413,27,29,1
3414,82,28,4
3415,34,9,4
3416,114,8,4
3417,46,20,5
3418,3,38,4
3419,46,0,2
3420,60,27,1
3421,39,26,4
3422,133,11,5
3423,21,20,4
3424,31,7,3
3425,59,33,3
3426,133,28,5
3427,46,33,3
3428,137,17,3
3429,118,21,5
3430,111,18,3
3431,155,3,3
3432,22,34,4
3433,152,43,4
3434,25,38,5
3435,72,37,5
3436,119,14,5
3437,107,13,3
3438,24,39,1
3439,66,32,3
3440,131,37,2
3441,112,13,4
3442,43,35,4
3443,145,34,5
3444,137,11,2
3445,72,24,2
3446,27,6,2
3447,83,23,5
3448,4,14,5
3449,84,27,3
3450,18,45,1
3451,142,8,5
3452,19,8,4
3453,65,7,2
3454,117,2,1
3455,38,34,5
3456,116,6,3
3457,35,0,4
3458,14,31,3
3459,106,2,3
3460,58,11,4
3461,146,36,5
3462,10,48,3
3463,110,35,4
3464,139,44,4
3465,95,37,5
3466,18,38,3
3467,93,9,2
3468,3,18,4
3469,60,6,5
3470,33,45,3
3471,131,35,4
3472,90,4,4
3473,26,46,3
3474,104,24,4
3475,23,2,3
3476,45,10,4
3477,21,43,4
3478,32,12,5
3479,10,46,2
3480,76,3,4
3481,2,39,3
3482,7,39,4
3483,137,41,2
3484,41,47,3
3485,136,2,3
3486,31,5,3
3487,142,4,5
3488,105,18,5
3489,91,29,5
3490,121,40,4
3491,60,22,5
3492,107,35,3
3493,130,17,4
3494,21,40,2
3495,62,47,4
3496,37,45,1
3497,138,42,3
3498,69,45,4
3499,17,20,4
3500,157,26,3
3501,144,8,4
3502,73,40,5
3503,41,27,3
3504,147,31,4
3505,34,12,4
3506,158,12,4
3507,10,24,4
3508,63,16,5
3509,76,35,3
3510,90,35,4
3511,118,2,3
3512,59,27,5
3513,56,19,1
3514,32,44,4
3515,117,12,3
3516,102,0,4
3517,83,46,2
3518,61,20,5
3519,18,8,2
3520,50,11,3
3521,153,43,5
3522,23,42,3
3523,24,46,4
3524,150,19,5
3525,103,40,5
3526,1,42,5
3527,63,24,5
3528,127,31,4
3529,140,0,5
3530,128,36,2
3531,66,46,1
3532,44,35,5
3533,58,13,3
3534,108,33,5
3535,135,21,5
3536,111,7,4
3537,81,22,3
3538,46,30,5
3539,113,12,3
3540,85,5,1
3541,117,16,2
3542,45,9,2
3543,57,1,3
3544,14,44,4
3545,155,28,5
3546,14,18,3
3547,65,27,5
3548,34,6,4
3549,55,28,5
3550,23,22,2
3552,145,12,3
3553,66,16,3
3554,158,24,5
3555,120,45,5
3556,103,9,2
3557,19,47,4
3558,39,13,3
3559,46,2,5
3560,151,25,4
3561,66,36,5
3562,110,37,5
3563,88,23,4
3564,97,1,1
3565,149,8,5
3566,87,38,5
3567,125,46,3
3568,2,16,3
3569,101,0,5
3570,54,34,4
3572,143,40,5
3573,155,6,4
3574,145,23,4
3575,6,16,3
3576,152,36,4
3577,104,3,5
3578,143,43,2
3579,28,40,5
3580,141,22,4
3582,9,38,4
3583,22,43,1
3584,158,29,4
3585,89,42,1
3586,43,11,4
3587,66,21,3
3588,30,19,4
3589,43,7,4
3590,131,40,4
3591,75,46,4
3592,141,14,3
3593,121,31,4
3594,118,42,5
3595,27,17,2
3596,122,21,5
3597,81,44,3
3598,93,7,3
3599,42,4,4
3600,67,4,5
3601,59,48,3
3602,151,31,3
3603,7,47,4
3604,156,48,2
3605,146,6,5
3606,31,18,5
3607,35,37,5
3608,144,25,5
3609,91,6,5
3610,44,41,5
3611,139,45,2
3612,116,31,2
3613,155,33,3
3614,130,27,4
3615,68,17,5
3616,116,8,2
3617,1,1,3
3618,153,10,5
3619,124,36,5
3620,106,21,3
3621,128,1,3
3622,99,44,2
3623,40,16,3
3624,29,46,4
3625,134,32,5
3626,104,11,5
3627,57,3,4
3628,6,23,3
3629,101,37,5
3630,10,33,3
3631,124,45,4
3632,94,26,2
3633,14,34,4
3634,21,3,3
3635,77,21,4
3636,25,2,1
3637,28,6,3
3638,38,48,3
3639,20,26,4
3640,153,9,3
3641,112,14,5
3642,4,29,4
3644,82,21,4
3645,62,15,3
3646,136,41,2
3647,150,12,5
3648,52,25,5
3649,61,46,2
3650,58,44,3
3651,110,21,4
3652,22,15,3
3653,49,21,5
3654,111,6,5
3655,99,13,4
3656,142,16,5
3657,0,13,4
3658,102,39,4
3659,121,36,5
3660,10,8,4
3661,71,14,5
3662,109,22,1
3663,118,8,5
3664,71,20,2
3665,79,48,2
3666,63,30,5
3667,9,2,5
3668,51,3,5
3669,22,24,1
3670,145,43,3
3671,18,31,3
3672,123,4,5
3673,123,18,4
3674,79,23,4
3675,104,39,2
3676,152,48,3
3677,154,25,4
3678,157,4,5
3679,149,12,4
3680,4,34,5
3681,68,25,4
3682,34,25,5
3683,148,7,2
3684,23,4,4
3685,99,22,4
3686,9,0,5
3687,12,47,4
3688,7,26,4
3689,29,13,4
3690,12,5,4
3691,111,37,5
3692,16,45,5
3693,82,11,4
3694,11,10,5
3695,38,25,4
3696,86,2,4
3697,89,28,5
3698,156,18,4
3699,57,29,2
3700,55,33,3
3701,114,22,4
3702,92,14,4
3703,146,8,4
3704,53,44,5
3705,113,35,5
3706,22,1,2
3707,7,17,4
3708,31,38,3
3709,41,45,4
3710,34,7,4
3711,110,25,3
3712,133,48,3
3713,155,38,1
3714,28,45,5
3715,87,42,5
3716,46,16,5
3717,148,48,4
3718,79,19,3
3719,55,46,3
3720,61,1,5
3721,96,13,2
3722,92,12,4
3723,32,16,2
3724,136,16,3
3725,83,30,5
3726,87,12,5
3727,7,16,4
3728,146,7,5
3729,114,1,4
3730,41,38,5
3731,122,22,4
3732,33,5,3
3733,134,34,4
3734,45,16,3
3735,28,5,3
3736,122,13,5
3737,45,20,5
3738,120,28,5
3739,8,9,3
3740,46,4,4
3741,10,9,4
3742,2,9,4
3743,146,16,4
3744,84,28,5
3745,5,2,5
3746,92,48,3
3747,140,44,3
3748,139,31,4
3749,57,30,3
3750,18,22,3
3751,50,35,4
3752,30,41,5
3753,108,15,1
3754,143,23,4
3755,38,44,4
3756,147,26,2
3757,31,14,5
3758,21,28,4
3759,65,34,2
3760,73,44,3
3761,84,13,5
3762,8,28,3
3763,58,28,5
3764,19,15,4
3765,47,35,4
3766,36,38,3
3767,129,0,5
3768,46,10,3
3769,106,31,2
3770,120,22,5
3771,113,34,5
3772,84,16,5
3773,36,15,5
3774,42,40,5
3775,40,26,4
3776,69,29,5
3777,143,26,2
3778,57,13,4
3779,20,18,3
3780,38,16,4
3781,32,27,3
3782,137,4,2
3783,158,39,3
3784,74,10,3
3785,47,39,2
3786,22,39,4
3787,144,24,4
3788,137,14,4
3789,36,4,5
3790,128,15,2
3791,47,36,5
3792,91,33,3
3793,32,38,5
3794,128,7,5
3795,122,11,4
3796,4,4,5
3797,21,8,3
3798,57,32,3
3799,56,28,5
3800,111,24,2
3801,85,15,3
3802,127,16,5
3803,31,23,5
3804,11,5,3
3805,67,11,3
3806,40,40,4
3807,102,34,4
3808,30,1,4
3809,144,48,5
3810,120,36,5
3811,136,7,2
3812,155,0,4
3813,90,9,3
3814,127,30,5
3815,139,0,5
3816,7,13,4
3817,152,12,4
3818,118,13,5
3819,37,47,3
3820,147,6,5
3821,75,48,4
3822,61,25,5
3823,3,41,4
3824,23,30,3
3825,30,11,4
3826,38,22,4
3827,49,32,3
3828,38,12,4
3829,37,11,2
3830,158,21,5
3831,109,38,2
3832,93,13,5
3833,67,21,4
3834,48,19,5
3835,109,27,4
3836,76,17,4
3837,92,33,4
3838,68,46,3
3839,60,36,4
3840,41,30,2
3841,115,21,4
3842,105,44,2
3843,119,19,5
3844,131,43,3
3845,3,5,4
3846,40,19,4
3847,144,0,4
3848,11,46,1
3849,130,3,3
3850,70,19,3
3851,71,26,5
3852,125,11,4
3853,122,48,3
3854,157,13,4
3855,129,31,5
3856,21,16,2
3857,122,38,4
3858,36,26,5
3859,32,24,4
3860,116,29,1
3861,65,32,4
3862,40,47,3
3863,149,18,2
3864,152,25,4
3865,16,27,4
3866,126,12,5
3867,75,28,5
3868,66,33,3
3869,60,48,4
3870,121,43,5
3871,63,13,5
3872,72,25,3
3873,105,41,4
3874,77,15,3
3875,142,23,5
3876,100,44,2
3877,55,5,5
3878,3,40,2
3879,150,46,5
3880,33,41,3
3881,141,45,3
3882,35,2,5
3883,59,15,3
3885,28,10,5
3886,109,46,4
3887,51,18,5
3888,95,2,5
3889,158,48,4
3890,39,19,3
3891,96,1,3
3892,64,9,4
3893,79,20,3
3895,151,48,3
3896,24,18,4
3897,2,42,4
3898,21,7,3
3899,8,31,2
3900,151,12,2
3901,19,18,4
3902,58,21,5
3903,157,41,5
3904,108,43,4
3905,22,16,4
3906,92,36,4
3907,133,41,4
3908,149,4,5
3909,44,31,4
3911,129,34,4
3912,5,30,5
3913,67,33,5
3914,46,28,5
3915,77,31,3
3916,120,26,5
3917,35,46,3
3918,8,25,1
3919,137,5,1
3921,100,37,4
3922,117,20,2
3923,117,24,2
3924,21,31,3
3925,37,16,1
3926,12,40,4
3927,150,7,2
3928,52,17,3
3929,158,14,2
3930,61,6,5
3931,32,28,4
3932,98,27,4
3933,8,46,5
3934,0,44,4
3935,141,16,4
3936,98,12,4
3937,129,3,4
3938,86,33,5
3939,21,30,4
3940,127,17,5
3941,26,23,3
3942,23,7,4
3943,85,24,4
3944,63,45,5
3945,47,18,5
3946,136,11,3
3947,55,15,5
3948,149,46,2
3949,42,30,5
3950,77,8,5
3951,98,38,4
3952,133,7,4
3953,24,47,4
3954,74,20,5
3955,141,40,3
3956,46,27,3
3957,116,38,4
3958,21,46,2
3959,34,29,2
3960,89,24,1
3961,99,26,3
3962,33,34,4
3963,145,30,5
3964,114,9,4
3965,83,2,1
3966,17,37,5
3967,130,8,3
3968,40,8,3
3969,110,44,3
3970,155,19,4
3971,30,37,5
3972,116,45,1
3973,41,11,3
3974,33,6,3
3975,98,11,4
3976,155,25,4
3977,28,1,3
3978,66,45,4
3979,102,20,3
3980,64,14,5
3981,39,37,3
3982,74,1,2
3983,127,21,5
3984,2,33,3
3985,114,48,3
3986,48,0,3
3987,31,2,4
3988,85,40,4
3989,27,33,3
3990,157,14,4
3991,22,40,3
3992,66,17,1
3993,10,37,5
3994,90,8,4
3995,68,23,3
3996,37,42,3
3997,155,12,4
3998,67,22,4
3999,139,47,4
4000,129,32,3
4001,152,6,4
4002,68,2,5
4003,150,44,5
4004,48,48,4
4005,17,34,3
4006,39,36,3
4007,116,12,3
4008,131,45,3
4009,14,24,3
4010,83,24,3
4011,40,29,1
4012,124,19,4
4013,46,25,3
4014,72,40,4
4015,49,45,4
4016,25,3,5
4017,127,18,4
4018,28,48,2
4019,99,42,4
4020,65,2,3
4021,157,36,4
4022,129,1,5
4023,101,20,4
4024,110,13,5
4025,13,1,1
4026,32,9,4
4027,57,6,3
4028,102,38,5
4029,30,47,4
4030,112,25,4
4031,129,33,1
4032,91,24,5
4033,114,34,5
4034,41,4,5
4035,47,33,5
4036,117,28,5
4037,82,40,4
4038,104,6,5
4039,119,32,5
4040,13,48,1
4041,153,29,5
4042,58,32,3
4043,118,23,5
4044,69,34,3
4045,43,23,3
4046,127,4,5
4047,12,27,4
4048,13,30,5
4049,21,23,3
4050,101,48,4
4051,32,7,4
4052,132,34,4
4053,48,37,4
4055,136,21,5
4056,27,25,3
4057,102,40,5
4058,151,8,4
4059,156,47,4
4060,109,16,1
4061,84,9,3
4062,30,27,4
4063,155,1,3
4064,96,39,4
4065,140,27,3
4066,84,39,1
4067,131,39,5
4068,82,27,5
4069,121,13,4
4070,82,8,3
4071,34,3,4
4072,17,42,4
4073,81,16,1
4074,18,41,5
4075,138,27,2
4076,101,46,5
4077,23,11,3
4078,59,12,5
4079,108,7,5
4080,5,1,4
4081,31,47,2
4082,42,6,5
4083,15,22,4
4084,99,29,2
4085,3,6,3
4086,141,0,3
4087,18,43,3
4088,54,26,3
4089,21,19,4
4090,143,6,4
4091,117,7,2
4092,125,2,2
4093,145,27,4
4094,27,26,4
4095,62,46,3
4096,15,37,1
4097,2,0,4
4098,52,6,5
4099,62,25,5
4100,25,41,2
4101,139,1,3
4102,15,43,3
4103,126,0,5
4104,69,16,3
4105,119,41,5
4106,97,28,4
4107,68,19,5
4108,113,3,5
4109,90,14,5
4110,23,8,1
4111,154,14,5
4112,26,16,3
4113,25,42,3
4114,12,25,5
4115,61,15,5
4116,87,26,5
4117,79,24,4
4118,20,47,3
4119,23,33,4
4121,111,41,5
4122,19,5,2
4123,133,35,5
4124,110,32,3
4125,112,26,4
4126,87,29,4
4127,94,20,4
4128,143,41,3
4129,3,47,5
4130,101,5,4
4131,41,23,3
4132,56,48,4
4133,100,26,4
4134,23,23,3
4135,57,36,3
4136,64,8,3
4137,155,35,4
4138,122,23,4
4139,87,43,4
4140,65,46,5
4141,98,26,5
4142,49,13,5
4143,112,7,2
4144,17,25,4
4145,67,12,5
4146,99,28,5
4147,126,3,5
4148,56,4,2
4149,131,38,1
4150,38,39,5
4151,96,27,1
4152,103,44,4
4153,84,18,4
4154,50,19,5
4155,125,4,4
4156,134,27,5
4157,56,8,4
4158,77,1,4
4159,45,35,5
4160,155,27,2
4161,31,39,4
4162,38,11,4
4163,110,10,3
4164,15,25,2
4165,54,46,3
4166,35,9,2
4167,123,33,3
4168,93,12,2
4169,61,23,2
4170,8,20,2
4171,97,32,2
4172,6,35,4
4173,118,25,5
4174,88,8,3
4175,43,45,3
4176,151,19,5
4177,100,8,3
4178,62,23,4
4179,85,25,4
4180,61,29,4
4181,134,13,5
4182,139,46,4
4183,32,17,4
4184,103,14,3
4185,146,5,3
4186,17,33,5
4187,5,13,5
4188,49,16,4
4189,36,2,1
4190,65,21,4
4192,151,10,3
4193,37,12,3
4194,46,6,3
4195,137,10,1
4196,113,10,4
4197,115,10,4
4198,155,42,4
4199,126,47,5
4200,20,17,4
4201,156,45,4
4202,101,26,5
4203,65,38,3
4204,147,36,5
4205,134,29,4
4206,80,24,5
4207,54,14,5
4208,156,42,4
4209,140,17,3
4210,78,14,4
4211,61,44,5
4212,33,22,5
4213,153,35,5
4214,80,14,2
4215,150,16,4
4216,8,0,3
4217,95,32,3
4218,19,0,4
4219,86,20,5
4220,91,10,4
4221,146,25,4
4222,148,42,4
4223,95,35,4
4224,107,34,1
4225,154,38,4
4226,151,35,5
4227,96,15,3
4228,149,19,1
4229,83,0,3
4230,3,27,3
4231,136,48,1
4232,0,3,3
4233,103,17,3
4234,19,44,4
4235,109,48,4
4236,125,44,4
4237,103,36,5
4238,104,12,4
4239,111,40,1
4240,1,26,2
4241,156,34,4
4242,116,4,3
4243,81,20,4
4244,13,19,5
4245,36,31,5
4246,10,44,4
4247,24,2,1
4248,157,39,3
4249,158,1,4
4250,39,18,3
4251,154,13,5
4252,104,21,5
4253,148,1,3
4254,153,38,5
4255,9,24,1
4256,87,4,5
4257,113,20,3
4258,29,36,3
4259,40,38,4
4260,55,7,3
4261,94,37,5
4262,123,44,4
4263,148,20,4
4264,108,31,1
4265,82,19,5
4266,79,42,4
4267,67,15,5
4268,64,45,5
4269,97,26,3
4270,66,7,2
4271,72,29,1
4272,59,16,3
4273,12,29,4
4274,47,15,5
4275,155,39,4
4276,70,7,2
4277,53,36,5
4278,82,5,3
4279,4,22,4
4280,81,37,5
4281,101,21,5
4282,51,23,2
4283,143,17,2
4284,154,28,5
4285,84,25,5
4287,104,19,4
4288,123,48,4
4290,126,46,4
4291,44,34,2
4292,50,4,2
4293,96,26,4
4294,113,21,5
4295,122,17,3
4296,101,15,5
4297,134,16,5
4298,14,42,4
4299,58,17,3
4300,72,20,2
4301,118,26,4
4302,111,12,2
4303,33,23,2
4304,135,2,5
4305,157,6,2
4306,104,13,4
4307,126,28,5
4308,1,12,5
4309,30,21,5
4310,61,39,4
4311,138,48,2
4312,28,32,5
4313,139,7,5
4314,61,7,5
4315,80,38,4
4316,63,23,5
4317,110,23,3
4318,115,30,2
4319,8,11,4
4320,17,5,1
4321,68,35,5
4322,45,14,1
4323,129,11,5
4324,19,6,4
4325,63,2,3
4326,46,46,2
4327,118,37,5
4328,18,15,2
4329,158,40,3
4330,135,34,4
4331,86,31,4
4332,99,15,4
4333,19,38,4
4334,40,34,4
4335,100,21,5
4336,90,6,4
4337,74,23,5
4338,24,43,5
4339,120,16,5
4340,103,4,4
4341,27,28,2
4342,23,0,4
4343,129,6,4
4344,37,46,4
4345,99,38,3
4346,26,22,3
4347,142,12,4
4348,55,19,4
4349,10,14,5
4350,158,16,5
4351,127,1,5
4352,86,28,5
4353,138,25,2
4354,138,24,4
4355,57,14,2
4356,126,19,5
4357,84,38,4
4358,98,8,3
4360,119,22,5
4361,13,17,3
4362,39,23,4
4363,115,23,4
4364,20,40,3
4365,31,19,4
4366,47,1,4
4367,117,3,5
4368,70,25,2
4369,78,0,3
4370,87,41,5
4371,120,5,5
4372,90,39,5
4373,111,5,1
4374,148,32,5
4375,143,4,3
4376,42,48,5
4377,74,15,4
4378,28,37,3
4379,42,12,5
4380,19,4,3
4381,101,45,5
4382,150,21,5
4383,92,21,5
4384,94,7,5
4385,28,30,4
4386,127,27,5
4387,1,23,5
4388,1,16,3
4389,3,45,2
4390,30,3,3
4391,120,21,5
4392,60,8,4
4393,158,34,3
4394,131,32,3
4395,44,3,5
4396,44,27,2
4397,106,18,2
4398,127,11,1
4399,133,27,2
4400,130,33,3
4401,87,16,2
4402,59,43,4
4403,102,16,4
4404,10,7,4
4405,35,20,4
4406,33,37,5
4407,147,15,3
4408,44,15,4
4409,121,11,5
4410,5,15,3
4411,8,32,4
4412,153,25,5
4413,90,7,3
4414,25,37,5
4415,21,1,3
4416,44,20,4
4417,102,30,4
4418,157,31,4
4419,14,22,3
4420,151,27,5
4421,0,48,5
4422,22,31,3
4423,101,47,4
4424,35,39,4
4425,1,6,5
4426,12,36,5
4427,55,41,5
4428,115,11,4
4429,112,35,3
4430,136,20,1
4431,81,8,1
4432,30,40,4
4433,143,3,5
4434,109,10,1
4435,58,1,3
4436,66,29,5
4437,83,19,5
4438,100,3,3
4439,110,7,3
4440,146,12,5
4441,90,46,3
4442,34,32,4
4443,142,39,5
4444,80,11,3
4445,43,41,4
4446,147,28,5
4447,96,40,4
4448,44,29,3
4449,18,27,1
4450,18,13,5
4451,88,12,3
4452,117,33,5
4453,56,1,1
4454,3,32,3
4455,59,3,3
4456,4,32,4
4457,60,31,4
4458,57,23,2
4459,118,27,5
4460,3,14,3
4461,10,31,4
4462,96,31,1
4463,83,34,4
4464,157,3,5
4465,21,48,4
4466,1,48,1
4467,12,30,4
4468,58,36,3
4469,78,11,4
4470,110,39,5
4471,13,20,1
4472,14,45,4
4473,36,24,5
4474,100,1,4
4475,108,34,2
4476,112,28,3
4477,93,24,3
4478,79,15,2
4479,66,25,2
4480,32,26,4
4481,107,26,5
4482,57,48,3
4483,39,25,3
4484,120,40,5
4485,143,34,1
4486,130,35,4
4487,90,43,4
4488,0,17,4
4489,92,37,4
4490,88,4,4
4491,96,34,3
4492,100,39,4
4493,73,48,4
4494,61,24,5
4495,134,1,5
4496,102,4,2
4497,98,36,4
4498,121,7,3
4499,107,5,5
4500,68,33,5
4501,110,42,3
4502,100,20,3
4503,55,0,5
4504,48,39,5
4505,140,22,3
4506,110,4,5
4507,127,14,5
4508,78,25,5
4509,144,23,2
4510,11,0,5
4511,50,5,4
4512,109,3,2
4513,83,39,4
4514,33,27,2
4515,132,16,4
4516,141,36,5
4517,62,40,4
4518,31,26,5
4519,8,8,4
4520,132,32,5
4521,97,31,2
4522,74,3,5
4523,36,12,3
4524,3,10,5
4525,15,4,1
4526,64,11,3
4527,67,1,3
4528,147,3,4
4529,115,34,1
4530,143,47,5
4531,114,2,1
4532,109,24,5
4533,115,33,3
4534,36,44,5
4535,67,26,4
4536,12,3,4
4537,74,42,3
4538,27,7,3
4539,24,3,4
4540,97,43,4
4541,136,33,5
4542,12,48,4
4543,60,1,5
4544,98,47,5
4545,133,19,5
4547,120,24,5
4548,115,24,5
4549,24,27,2
4550,84,22,5
4551,43,0,4
4552,105,15,4
4553,85,27,3
4554,27,14,4
4555,63,41,4
4556,50,9,3
4557,142,11,4
4558,156,38,4
4559,77,20,4
4560,78,8,5
4561,99,3,3
4562,137,33,1
4563,0,34,3
4564,27,38,2
4565,63,19,3
4566,28,14,5
4567,3,43,3
4568,58,29,2
4569,50,13,3
4570,1,9,3
4571,108,14,5
4572,125,29,4
4573,112,20,4
4574,46,7,5
4575,147,25,5
4576,84,42,4
4577,103,22,3
4578,134,40,4
4579,130,12,3
4580,109,20,4
4581,53,46,5
4582,101,30,5
4583,52,9,5
4584,107,37,4
4585,78,45,5
4586,89,20,5
4588,48,6,5
4589,89,2,5
4590,110,17,4
4591,131,28,5
4592,55,11,5
4593,83,12,5
4594,65,39,3
4595,143,27,4
4596,142,45,4
4597,7,48,3
4598,56,36,2
4599,55,1,3
4600,20,6,5
4601,18,39,5
4602,107,10,2
4603,123,16,5
4604,127,22,5
4605,105,27,3
4606,128,13,4
4607,84,31,4
4608,4,30,5
4609,143,7,5
4610,26,48,3
4611,107,40,5
4612,101,31,3
4613,52,8,3
4614,23,34,3
4615,156,20,4
4616,153,7,5
4617,84,44,5
4618,19,32,4
4619,38,14,5
4620,16,10,3
4621,156,35,4
4622,125,15,3
4623,149,42,2
4624,95,42,5
4625,115,27,5
4626,63,11,3
4627,158,42,5
4629,129,13,5
4630,35,29,3
4631,73,4,5
4632,80,30,4
4633,12,43,4
4634,29,27,3
4635,10,29,4
4636,56,37,4
4637,9,46,2
4638,133,4,5
4639,79,43,5
4640,51,38,5
4641,107,6,3
4642,6,26,5
4643,93,44,3
4644,8,39,2
4645,78,40,4
4646,120,18,5
4647,1,2,5
4648,119,8,5
4649,17,22,4
4650,135,25,5
4651,29,17,4
4652,31,37,5
4653,59,5,1
4654,125,45,4
4655,10,41,5
4656,64,41,4
4657,111,45,4
4658,98,40,4
4659,59,26,3
4660,12,45,4
4661,140,8,3
4662,96,37,4
4663,151,9,3
4664,101,25,5
4665,81,24,4
4666,5,37,5
4667,13,38,5
4668,120,17,3
4669,105,22,5
4670,123,41,4
4671,23,43,5
4672,117,19,5
4673,39,17,3
4674,125,10,4
4675,134,9,5
4676,80,29,3
4677,12,23,3
4678,136,1,2
4679,17,2,5
4680,149,10,4
4681,3,21,5
4682,57,20,3
4683,14,46,4
4684,8,45,4
4685,44,48,3
4686,130,14,3
4687,153,15,5
4688,146,40,1
4689,7,11,4
4690,77,9,2
4691,81,46,2
4693,39,6,3
4694,76,46,5
4695,103,37,5
4696,131,18,3
4697,140,47,4
4698,130,9,5
4699,51,25,5
4700,11,11,5
4701,104,43,4
4702,126,5,3
4703,112,48,5
4704,153,48,5
4705,141,25,4
4706,28,31,2
4707,15,45,1
4708,120,27,5
4709,105,13,5
4710,9,43,3
4711,106,48,2
4712,114,26,5
4713,71,33,3
4714,45,26,5
4715,57,22,4
4716,23,16,3
4717,77,12,5
4718,127,20,5
4719,146,3,5
4720,25,25,4
4721,134,33,4
4722,96,25,2
4723,44,26,4
4724,9,23,2
4725,93,27,1
4726,2,22,4
4727,32,45,5
4728,111,10,5
4729,20,13,5
4730,124,29,3
4731,140,32,3
4732,18,34,2
4733,43,24,2
4734,139,42,2
4735,18,2,5
4736,133,13,4
4737,65,1,4
4738,16,1,3
4739,43,38,4
4740,123,19,1
4741,36,42,2
4742,100,40,5
4743,5,34,5
4744,112,21,3
4745,63,28,5
4746,54,16,2
4747,146,15,3
4748,26,28,3
4749,136,31,2
4750,13,9,1
4751,135,30,5
4752,53,0,5
4753,18,24,1
4754,7,4,5
4755,34,41,5
4756,42,42,5
4757,109,28,5
4758,20,43,5
4759,29,41,5
4760,116,35,2
4761,23,12,5
4762,107,25,2
4763,44,19,5
4764,38,36,4
4765,77,29,5
4766,71,38,4
4767,74,46,2
4768,67,43,4
4769,156,14,1
4770,131,20,4
4771,113,27,4
4772,2,35,4
4773,94,38,4
4774,125,47,3
4775,43,9,4
4776,88,45,4
4777,74,9,3
4778,38,32,4
4779,148,30,4
4780,126,4,5
4781,16,22,5
4782,11,8,3
4783,145,10,4
4784,151,0,5
4785,49,33,4
4786,9,32,4
4787,129,23,4
4788,125,31,3
4789,45,13,5
4790,21,45,3
4791,12,18,5
4792,26,7,2
4793,119,21,5
4794,26,45,3
4795,67,9,2
4796,134,24,5
4797,22,32,1
4798,66,8,4
4799,158,7,3
4800,124,43,3
4801,125,6,2
4802,63,39,5
4803,33,44,3
4804,11,33,2
4805,43,22,4
4806,81,18,3
4807,48,11,3
4808,38,38,5
4809,60,29,5
4810,14,35,4
4811,102,15,2
4812,131,30,3
4813,116,17,3
4814,135,7,3
4815,9,35,3
4816,37,33,4
4817,123,31,3
4818,87,33,5
4819,63,0,5
4820,108,16,3
4821,80,36,4
4823,108,3,5
4824,124,33,4
4825,22,29,3
4826,127,47,4
4827,85,16,5
4828,134,38,5
4829,114,7,5
4830,100,23,5
4831,139,3,5
4832,145,37,4
4833,133,26,5
4834,156,9,3
4835,96,45,3
4836,130,42,4
4837,42,5,3
4838,37,20,5
4839,62,29,2
4840,42,45,5
4841,124,32,5
4842,120,9,5
4843,40,44,5
4844,149,32,5
4845,121,20,5
4846,79,13,5
4847,66,47,5
4848,1,15,1
4849,136,22,3
4850,86,47,3
4851,32,30,4
4852,20,2,5
4853,108,18,5
4854,65,35,3
4855,41,40,3
4856,42,37,5
4857,138,4,3
4858,88,36,4
4859,87,0,5
4860,139,23,4
4861,32,3,5
4862,14,30,3
4863,126,25,5
4864,89,29,4
4865,44,44,5
4866,42,7,4
4867,70,3,3
4868,86,36,5
4869,153,18,5
4870,157,44,2
4871,19,26,3
4872,84,37,4
4873,132,17,2
4874,80,8,4
4875,107,36,5
4876,15,6,3
4877,156,15,4
4878,138,20,2
4879,11,17,4
4880,132,1,4
4881,74,30,3
4882,88,33,3
4883,94,22,5
4884,139,8,4
4885,154,10,5
4886,101,39,5
4887,55,26,4
4888,120,31,5
4889,118,46,4
4890,69,18,5
4891,140,13,3
4892,74,14,5
4893,133,37,4
4894,107,2,5
4895,94,15,2
4896,48,5,1
4897,120,12,5
4898,35,6,5
4899,102,18,4
4900,150,17,3
4901,144,35,5
4902,125,33,4
4903,80,44,4
4904,107,14,5
4905,66,22,4
4906,64,7,4
4907,30,12,2
4908,0,37,5
4909,149,28,5
4910,121,39,4
4911,17,32,4
4912,106,0,1
4913,129,30,5
4914,144,12,5
4915,57,10,3
4916,133,47,5
4917,87,44,5
4918,18,5,1
4919,106,41,2
4920,57,27,3
4921,158,45,4
4922,105,37,5
4923,127,33,5
4924,68,42,3
4925,121,8,1
4926,58,48,3
4927,24,37,5
4928,151,44,5
4929,86,3,4
4930,126,29,4
4931,52,41,5
4932,63,48,2
4933,116,11,2
4934,64,5,4
4935,79,30,5
4936,147,8,4
4937,153,14,5
4938,116,27,2
4939,143,24,4
4940,11,9,5
4941,118,28,5
4942,141,32,2
4943,94,33,3
4944,23,48,2
4945,17,3,3
4946,79,40,3
4947,114,30,4
4948,18,46,4
4949,158,31,3
4950,94,10,3
4951,7,41,4
4952,49,3,4
4953,24,11,4
4954,15,46,4
4955,94,6,3
4956,147,12,4
4957,71,45,3
4958,7,6,4
4959,62,20,4
4960,80,45,4
4961,44,10,4
4962,62,16,2
4963,111,8,3
4964,17,6,3
4965,31,27,2
4966,67,45,5
4967,106,32,1
4968,50,6,2
4969,4,19,5
4970,80,10,3
4971,37,44,1
4972,48,43,4
4973,7,29,3
4974,29,14,4
4975,158,36,3
4977,21,29,1
4978,131,46,3
4979,106,23,5
4980,70,6,5
4981,45,11,3
4982,126,22,5
4983,96,46,2
4984,23,13,5
4985,70,16,5
4986,70,42,3
4987,93,0,3
4988,120,30,5
4989,28,9,5
4990,75,24,3
4991,87,36,5
4992,34,21,5
4993,111,4,5
4994,141,46,2
4995,120,29,5
4996,151,33,3
4998,108,41,3
4999,122,31,4
5000,157,23,5
5001,2,5,4
5002,37,30,3
5003,59,7,3
5004,33,1,3
5005,70,27,3
5006,157,12,4
5007,100,45,4
5008,26,2,4
5010,47,20,3
5011,119,2,5
5012,43,1,4
5013,108,47,5
5014,109,43,5
5015,32,47,4
5016,95,6,5
5017,142,19,4
5018,30,42,4
5019,28,34,3
5020,49,41,4
5021,60,32,4
5022,69,22,5
5023,1,32,2
5025,72,35,5
5027,28,3,4
5028,8,47,4
5029,35,38,4
5030,132,42,2
5031,42,13,5
5032,81,39,3
5033,87,11,5
5034,55,38,3
5035,12,33,5
5036,139,41,5
5038,1,13,3
5039,142,43,5
5040,75,35,3
5041,59,36,3
5042,114,46,3
5043,125,23,3
5044,155,18,5
5045,46,38,5
5046,27,35,2
5047,43,10,3
5048,24,16,3
5049,12,4,4
5050,63,8,4
5051,72,15,2
5052,114,16,5
5053,130,29,3
5054,16,4,5
5055,104,35,5
5056,130,2,1
5057,104,29,3
5058,31,1,1
5059,111,15,4
5060,50,39,5
5061,87,32,5
5062,119,46,5
5063,98,18,5
5064,14,43,5
5065,99,41,3
5066,84,17,3
5067,68,10,2
5068,13,34,1
5069,114,37,3
5070,89,1,3
5071,89,48,4
5072,4,0,4
5073,154,29,3
5074,70,37,4
5075,73,17,3
5076,138,36,3
5077,78,35,3
5078,70,39,5
5079,24,24,3
5080,83,3,5
5081,92,41,4
5082,156,39,4
5083,97,25,3
5084,106,6,5
5085,46,45,1
5086,124,26,4
5087,49,30,5
5088,40,12,3
5089,127,40,5
5090,32,31,4
5091,116,13,4
5092,108,37,5
5093,91,18,5
5094,139,38,4
5095,69,8,4
5096,83,11,4
5097,24,12,4
5098,67,37,5
5099,19,33,2
5100,45,48,3
5101,83,42,3
5102,154,3,5
5103,133,17,5
5104,81,43,3
5105,63,26,5
5106,25,8,5
5107,0,26,4
5108,124,27,2
5109,18,18,4
5110,137,35,4
5111,24,1,2
5112,38,0,5
5113,141,47,4
5114,60,21,5
5115,99,17,4
5116,0,21,4
5117,93,23,4
5118,26,6,3
5119,78,1,4
5120,131,34,1
5121,36,33,5
5122,112,12,4
5123,16,14,3
5124,114,0,5
5125,52,20,5
5126,77,27,3
5127,131,21,5
5128,123,36,4
5129,52,1,3
5130,30,13,4
5131,131,42,3
5132,148,18,5
5133,54,29,2
5134,93,6,4
5135,13,14,5
5136,108,10,3
5137,79,4,4
5139,47,24,3
5140,35,12,3
5141,97,44,4
5142,4,43,5
5143,58,24,3
5144,152,3,4
5145,117,47,2
5146,104,28,5
5147,27,36,3
5148,114,36,4
5149,55,20,3
5150,32,21,5
5151,114,5,2
5152,95,26,4
5153,85,12,4
5154,128,42,3
5155,80,12,2
5156,119,29,5
5157,139,21,5
5158,64,25,4
5159,75,27,1
5160,44,11,3
5161,42,25,5
5162,138,33,3
5163,89,27,4
5164,158,10,5
5165,63,9,1
5166,117,8,5
5167,107,8,1
5168,40,10,4
5169,109,14,2
5170,120,43,5
5171,60,4,3
5172,26,30,3
5173,40,7,3
5174,67,46,5
5175,38,9,3
5176,153,3,5
5177,117,48,3
5178,63,1,5
5180,47,44,4
5181,150,3,5
5182,55,14,5
5183,23,1,2
5184,59,34,4
5185,110,2,5
5186,117,31,1
5187,128,45,4
5188,40,18,4
5189,21,26,2
5190,59,41,4
5191,119,11,5
5192,106,19,1
5193,108,20,4
5194,52,38,3
5195,56,42,2
5196,85,41,5
5197,119,4,5
5198,6,8,3
5199,135,6,5
5200,92,47,5
5201,77,32,5
5202,93,29,2
5203,34,27,4
5204,99,10,3
5205,133,16,5
5206,67,30,3
5207,32,29,3
5208,105,29,3
5209,32,11,4
5210,110,15,4
5211,50,31,2
5212,136,37,5
5213,49,40,5
5214,156,28,2
5215,53,10,5
5216,115,15,5
5217,6,24,4
5218,119,33,5
5219,115,5,1
5220,141,28,2
5221,121,1,1
5222,76,2,3
5223,153,30,5
5225,13,18,5
5226,0,2,3
5227,135,44,4
5228,134,12,4
5229,35,25,4
5230,62,24,2
5231,63,7,4
5232,18,12,1
5233,18,29,4
5234,43,46,4
5235,37,13,3
5236,22,22,4
5237,149,9,1
5238,116,28,3
5239,158,47,3
5240,62,43,4
5241,93,20,3
5242,147,47,3
5243,125,41,4
5244,52,35,5
5245,144,46,3
5246,83,28,5
5247,118,5,4
5248,129,40,2
5249,118,36,5
5250,51,15,5
5251,47,41,5
5252,84,24,4
5253,121,25,3
5254,31,0,3
5255,41,16,3
5256,47,46,5
5257,145,4,5
5258,20,4,4
5259,100,0,3
5260,9,11,2
5261,34,15,4
5262,132,28,4
5263,25,43,4
5264,153,44,5
5265,57,46,2
5266,46,32,4
5267,42,28,5
5268,132,4,5
5269,154,24,4
5270,155,41,4
5271,89,47,1
5272,115,0,5
5273,33,46,4
5274,7,7,4
5275,9,8,3
5276,5,47,2
5277,145,3,1
5278,50,18,4
5279,93,37,4
5280,102,24,4
5281,77,13,5
5282,14,6,4
5283,102,12,5
5284,154,16,3
5285,150,38,5
5286,145,24,4
5287,32,25,4
5288,60,28,5
5289,9,10,3
5290,67,17,5
5291,15,10,1
5292,133,22,5
5293,60,24,1
5294,91,22,5
5295,66,18,4
5296,54,22,5
5297,105,25,4
5298,44,38,5
5299,57,40,3
5300,131,15,1
5301,87,17,5
5302,9,31,4
5303,146,41,5
5304,69,38,4
5305,91,39,5
5306,37,18,5
5307,32,42,3
5308,142,27,5
5309,95,43,5
5310,65,28,3
5311,64,44,4
5312,63,18,2
5313,137,39,2
5314,34,34,4
5315,95,7,3
5316,6,18,3
5317,109,42,3
5318,64,39,3
5319,16,41,5
5320,59,28,4
5321,114,12,4
5322,77,7,3
5323,31,22,2
5324,59,17,4
5325,29,47,1
5327,118,24,5
5328,9,30,4
5329,86,34,4
5330,149,25,3
5331,116,20,3
5332,116,16,4
5333,103,7,1
5334,65,13,2
5335,18,19,2
5336,121,12,3
5337,50,3,4
5338,2,44,4
5339,34,42,4
5340,91,3,5
5341,132,43,3
5342,124,2,4
5343,4,44,5
5344,20,16,5
5345,92,22,5
5346,51,40,3
5347,87,34,3
5348,109,44,5
5349,115,41,1
5351,49,22,5
5352,85,14,5
5353,31,29,3
5354,145,42,3
5355,43,30,3
5356,143,18,5
5357,142,1,5
5358,106,17,1
5359,117,41,5
5360,59,21,5
5361,130,24,4
5362,104,9,4
5363,149,16,1
5364,144,44,5
5365,120,10,5
5366,34,44,3
5367,22,44,4
5368,105,31,5
5369,157,43,2
5370,95,28,5
5371,142,0,5
5372,86,44,5
5373,152,13,5
5374,126,13,5
5375,31,10,4
5376,152,38,5
5378,135,24,4
5379,105,4,3
5380,77,11,4
5381,77,37,5
5382,112,3,2
5383,62,1,3
5384,133,8,5
5385,119,30,5
5386,0,14,5
5387,22,6,4
5388,75,34,3
5389,125,24,3
5390,118,20,5
5391,78,26,5
5392,54,39,5
5393,93,17,4
5394,113,23,5
5395,56,34,4
5396,88,15,4
5397,144,41,3
5398,93,4,2
5399,103,48,3
5400,81,4,1
5401,4,36,4
5402,18,25,3
5404,96,20,1
5405,50,37,5
5406,145,7,2
5407,156,37,1
5408,5,45,5
5409,114,20,5
5410,145,44,2
5411,34,35,4
5412,80,5,2
5413,105,3,5
5414,158,33,5
5415,11,1,3
5416,8,26,3
5417,76,22,5
5418,12,46,5
5419,156,29,4
5420,97,35,4
5421,50,27,3
5422,57,25,4
5423,79,10,3
5424,133,25,4
5425,6,14,3
5426,79,8,4
5427,103,28,2
5428,67,41,4
5429,29,12,3
5430,60,37,5
5431,77,43,5
5432,26,41,3
5433,66,41,5
5434,155,10,4
5435,143,36,5
5436,27,31,3
5437,65,4,5
5439,129,8,2
5440,54,42,2
5441,109,23,4
5442,135,23,5
5443,94,25,4
5444,29,6,4
5445,104,36,5
5446,121,6,5
5447,123,2,5
5448,6,28,3
5449,83,5,1
5450,110,14,5
5451,3,24,1
5452,43,5,5
5453,92,8,4
5454,53,30,2
5455,69,9,2
5456,51,28,5
5457,151,16,5
5458,128,30,4
5459,10,13,5
5460,12,0,4
5461,32,40,3
5462,131,2,4
5463,40,43,4
5464,20,33,3
5465,2,19,3
5466,146,32,5
5467,149,1,3
5468,51,8,4
5469,37,1,1
5470,123,27,3
5471,33,32,3
5472,10,5,4
5473,15,48,4
5474,95,1,3
5475,96,19,2
5476,113,38,4
5477,3,39,5
5478,97,37,5
5479,121,14,4
5480,85,45,4
5481,68,13,4
5482,66,24,4
5483,142,5,4
5484,111,22,2
5485,124,4,4
5486,17,4,5
5487,2,48,3
5488,37,31,1
5489,48,15,4
5490,3,16,3
5491,6,20,2
5492,33,13,4
5493,137,15,2
5494,107,39,5
5495,153,31,5
5496,39,21,2
5497,143,25,4
5498,94,29,3
5499,133,2,5
5500,20,34,4
5501,47,45,4
5503,92,18,5
5504,17,28,3
5505,31,9,2
5506,141,37,5
5507,134,48,5
5508,111,48,5
5509,106,30,1
5510,95,47,3
5511,73,1,5
5512,46,18,4
5513,1,0,1
5514,33,48,3
5515,94,31,2
5516,91,41,5
5517,141,31,2
5518,71,30,3
5519,58,18,5
5520,88,9,5
5521,39,15,3
5522,67,19,5
5523,143,45,5
5524,124,6,5
5525,23,28,4
5526,24,4,5
5527,20,9,2
5528,66,42,5
5529,70,46,5
5530,13,46,1
5531,11,7,4
5532,124,18,2
5533,59,19,4
5534,97,7,3
5535,106,37,3
5536,90,27,3
5537,5,26,4
5538,13,26,5
5539,137,1,2
5540,133,6,3
5541,20,42,5
5542,30,16,4
5543,135,12,5
5544,134,41,5
5545,141,43,3
5546,20,46,3
5547,118,43,5
5548,21,9,1
5549,74,39,5
5550,61,14,5
5551,58,26,3
5552,76,13,4
5553,112,9,3
5554,54,25,3
5555,27,5,3
5556,155,21,4
5557,76,42,3
5558,96,9,3
5559,148,34,3
5560,54,43,3
5561,83,25,4
5562,99,43,5
5563,54,41,5
5564,158,41,5
5565,87,23,5
5566,150,22,5
5567,157,8,4
5568,149,7,2
5569,21,0,3
5570,86,0,5
5571,103,6,2
5572,130,45,4
5573,117,0,4
5574,3,4,3
5575,38,21,5
5576,45,18,4
5577,133,32,5
5578,10,27,4
5579,131,0,2
5580,77,18,5
5581,27,4,2
5582,42,41,5
5583,51,43,5
5584,144,22,5
5585,57,2,2
5586,42,2,5
5587,6,11,3
5588,6,22,4
5589,20,3,4
5590,51,48,5
5591,1,21,5
5592,84,4,4
5593,66,12,5
5594,82,30,4
5595,157,24,5
5596,60,44,5
5598,15,29,2
5599,33,19,3
5600,100,2,5
5601,155,2,3
5602,48,14,5
5603,3,34,4
5604,133,46,5
5605,137,22,3
5606,9,44,3
5607,80,15,3
5608,88,27,3
5609,19,48,3
5610,123,20,2
5611,123,30,4
5612,37,19,5
5613,31,15,2
5614,65,40,5
5615,58,7,3
5616,76,26,5
5617,118,0,5
5618,23,5,2
5619,16,37,2
5620,66,44,4
5621,63,43,5
5622,117,17,3
5623,89,21,1
5624,126,14,5
5625,37,3,2
5626,6,6,5
5627,138,17,4
5628,48,23,3
5629,132,48,3
5630,78,13,5
5631,121,3,3
5632,140,45,3
5633,41,21,2
5634,85,4,5
5635,80,2,5
5636,118,16,5
5637,139,48,4
5638,109,31,4
5639,15,17,2
5640,98,28,5
5641,52,44,5
5642,52,14,5
5643,88,31,4
5644,21,32,2
5645,116,44,2
5646,112,1,4
5647,88,44,3
5648,118,40,5
5649,87,6,5
5650,20,25,5
5651,117,11,5
5652,122,27,4
5653,154,20,4
5654,97,22,4
5655,66,31,4
5656,42,11,5
5657,76,39,5
5658,85,21,5
5659,10,12,3
5660,77,24,5
5661,73,34,3
5662,142,13,5
5663,33,0,4
5664,157,47,4
5665,130,26,4
5666,58,25,4
5667,107,32,4
5668,154,11,5
5669,41,28,2
5670,89,32,1
5671,78,43,5
5672,54,15,3
5673,153,34,5
5674,35,45,4
5675,36,41,5
5676,139,37,5
5677,137,8,1
5678,10,23,4
5679,42,15,4
5680,9,19,3
5681,149,22,2
5682,6,27,3
5683,123,24,3
5684,154,5,5
5685,47,12,3
5686,141,19,3
5687,155,32,3
5688,127,28,5
5689,3,19,4
5690,111,46,4
5691,110,22,4
5692,77,38,4
5693,34,17,3
5694,137,16,2
5695,69,3,5
5696,105,26,4
5697,31,3,2
5698,107,11,2
5699,32,36,3
5700,73,46,5
5701,120,38,5
5702,106,26,5
5703,75,25,5
5704,55,37,5
5705,158,46,3
5706,89,9,1
5707,111,31,5
5708,32,43,4
5709,91,16,5
5710,60,33,2
5711,10,4,4
5712,118,15,5
5713,25,31,4
5714,113,19,3
5716,154,46,5
5717,93,11,3
5718,5,38,2
5719,37,9,4
5720,113,2,5
5721,134,20,5
5722,32,20,3
5723,147,9,2
5724,132,6,3
5725,119,25,5
5726,40,42,2
5727,100,30,4
5728,117,14,1
5729,6,44,5
5730,67,8,4
5731,129,24,3
5732,108,42,1
5733,73,30,4
5734,70,21,5
5735,15,44,1
5736,15,3,5
5737,86,32,5
5738,39,4,3
5739,82,3,3
5740,79,31,4
5741,130,18,4
5742,0,35,5
5743,88,41,4
5744,127,29,3
5745,71,43,5
5746,118,1,5
5747,93,5,1
5748,97,46,3
5749,45,31,5
5750,73,29,3
5751,110,31,4
5752,128,23,3
5753,114,14,4
5754,141,9,4
5755,61,3,5
5756,157,32,2
5757,106,35,1
5758,139,40,5
5759,54,9,2
5760,50,10,4
5761,54,32,3
5762,18,14,5
5763,76,15,3
5764,119,13,5
5765,146,4,5
5766,43,47,4
5767,111,9,3
5768,62,21,4
5769,142,9,3
5770,94,42,3
5771,48,30,4
5772,135,18,3
5773,109,6,5
5774,146,23,3
5776,99,46,2
5777,96,17,1
5778,145,0,3
5779,79,0,2
5780,146,34,5
5781,121,23,1
5782,28,16,2
5783,116,24,4
5784,51,46,2
5785,58,47,3
5786,111,47,3
5787,154,2,5
5788,46,13,5
5789,70,24,2
5790,77,45,4
5791,15,13,1
5792,5,41,5
5793,6,19,3
5794,148,12,2
5795,128,14,4
5796,95,15,5
5797,71,1,4
5798,154,42,5
5799,51,36,5
5800,81,1,4
5801,91,15,5
5802,39,10,3
5803,11,36,2
5804,38,43,5
5805,86,22,3
5806,59,18,4
5807,2,32,3
5808,4,46,2
5809,85,26,5
5810,112,46,1
5811,29,25,5
5812,90,11,4
5813,45,47,5
5814,88,34,5
5815,45,25,4
5816,41,0,3
5817,69,4,5
5818,135,46,4
5819,137,19,4
5820,132,47,2
5821,64,13,4
5822,34,48,3
5823,157,22,5
5824,97,17,4
5825,83,17,1
5826,149,5,1
5827,93,48,2
5828,123,15,4
5829,104,33,3
5830,125,5,1
5831,65,47,3
5832,23,35,4
5833,101,36,3
5834,118,17,3
5835,11,38,3
5836,55,8,3
5837,96,11,3
5838,50,26,4
5839,130,22,4
5840,67,44,4
5841,0,27,2
5843,116,10,2
5844,116,32,1
5845,1,10,4
5846,13,43,5
5847,143,44,3
5848,46,31,5
5849,117,10,4
5850,138,43,3
5851,67,36,4
5852,99,27,3
5853,40,48,2
5854,149,21,5
5855,103,2,5
5856,60,20,4
5857,149,15,2
5858,27,2,3
5859,43,44,4
5860,62,31,2
5861,94,45,2
5862,87,28,5
5864,38,10,5
5865,94,14,5
5866,144,36,4
5867,34,19,4
5868,6,41,3
5869,42,20,4
5870,135,41,5
5871,92,30,4
5872,139,25,4
5873,55,31,5
5874,25,24,3
5875,116,7,4
5876,122,5,4
5877,48,10,4
5878,34,26,4
5879,49,27,4
5880,103,34,1
5881,136,24,4
5882,6,7,3
5883,61,33,4
5884,130,19,4
5885,66,1,5
5886,73,24,4
5887,64,12,2
5888,99,36,3
5889,35,21,5
5890,82,15,1
5891,64,47,2
5892,149,34,5
5893,32,2,4
5894,33,21,5
5895,4,18,5
5896,65,43,5
5897,3,8,5
5898,77,10,5
5899,69,43,3
5900,93,30,4
5901,80,18,4
5902,115,22,5
5903,56,16,4
5904,101,8,5
5905,90,1,3
5906,24,8,5
5907,17,24,4
5908,145,18,4
5910,78,17,3
5912,148,45,5
5913,139,15,4
5914,88,24,4
5915,101,9,5
5916,123,39,5
5917,99,21,5
5918,128,28,3
5919,111,14,5
5920,16,30,4
5921,113,32,5
5922,62,10,4
5923,39,42,2
5925,91,40,4
5926,136,10,1
5927,46,36,5
5928,29,32,3
5929,2,46,4
5930,25,5,1
5931,55,27,2
5932,51,32,5
5933,1,41,2
5934,28,36,3
5935,111,30,5
5936,6,21,4
5937,2,12,1
5938,131,12,2
5939,110,11,3
5940,53,22,5
5941,29,30,5
5942,47,21,5
5943,150,15,5
5944,29,9,1
5945,123,1,5
5946,71,23,5
5948,126,21,5
5949,149,27,1
5950,66,30,2
5951,73,47,5
5952,69,26,3
5953,88,37,3
5954,28,42,3
5955,21,38,3
5956,90,26,4
5957,16,42,5
5958,63,3,3
5959,49,19,5
5960,119,48,5
5961,19,28,4
5962,156,7,2
5963,66,13,5
5964,21,47,2
5965,126,11,5
5966,35,24,5
5967,19,45,3
5968,145,17,5
5969,105,12,3
5970,150,33,5
5971,122,15,2
5972,140,11,3
5973,89,14,5
5974,21,11,3
5975,37,4,5
5976,58,42,3
5977,94,47,5
5978,93,38,2
5979,149,43,5
5980,97,8,4
5981,19,42,4
5982,143,15,1
5983,48,20,5
5984,43,8,4
5985,124,3,5
5986,71,6,4
5987,13,23,2
5988,147,42,4
5989,129,29,4
5990,100,35,5
5991,128,17,4
5992,19,1,4
5993,28,13,5
5994,27,19,2
5995,77,6,5
5996,90,29,3
5998,89,31,1
5999,48,4,4
6000,37,8,3
6001,77,2,4
6002,155,5,5
6003,62,6,3
6004,53,5,4
6005,73,3,4
6006,149,36,4
6007,69,48,3
6008,148,27,4
6009,113,8,5
6010,38,45,4
6011,53,15,3
6012,79,21,5
6013,78,20,3
6015,93,41,4
6016,141,41,2
6017,56,43,3
6018,124,46,2
6019,66,27,5
6020,10,2,5
6021,29,33,3
6022,6,3,5
6023,96,0,2
6024,0,10,5
6025,131,3,3
6026,66,15,4
6027,30,8,4
6028,106,40,4
6029,25,4,5
6030,9,15,3
6031,61,47,5
6032,107,0,3
6033,103,3,5
6034,137,48,1
6035,146,2,3
6036,28,7,3
6037,33,16,3
6038,96,48,1
6039,90,40,4
6040,129,16,5
6041,96,22,3
6042,130,28,4
6043,94,32,4
6044,117,37,1
6045,8,1,2
6046,19,31,4
6047,33,39,4
6048,36,45,3
6049,19,24,1
6050,132,26,4
6051,7,25,4
6052,119,6,5
6053,45,21,5
6054,57,33,2
6055,86,15,4
6056,26,19,3
6057,50,46,4
6058,14,29,2
6059,17,12,5
6060,95,27,2
6061,24,41,4
6062,25,39,4
6063,49,29,3
6064,71,15,2
6065,7,3,4
6066,60,11,4
6067,38,3,5
6068,89,41,4
6069,80,26,5
6070,138,35,4
6071,22,12,2
6072,100,46,3
6073,142,21,5
6074,115,17,1
6075,30,48,4
6076,133,29,3
6077,35,33,2
6078,124,5,1
6079,4,12,4
6080,97,16,1
6081,148,5,3
6082,148,10,4
6083,2,17,2
6084,49,47,4
6085,96,4,4
6086,90,48,5
6087,92,32,4
6088,141,18,4
6089,151,14,2
6090,23,21,5
6091,88,25,5
6092,55,24,1
6093,53,4,5
6094,59,1,3
6095,90,36,4
6096,17,46,3
6097,151,28,4
6098,120,7,5
6099,37,24,4
6100,39,20,3
6101,123,10,4
6102,45,6,5
6103,76,40,5
6104,4,20,5
6105,56,46,2
6106,142,37,5
6107,62,30,4
6108,130,7,4
6109,130,47,4
6110,14,25,4
6111,52,47,3
6112,42,43,4
6113,32,4,5
6114,13,28,5
6115,96,41,2
6116,92,25,5
6117,0,39,4
6118,0,30,5
6119,99,40,4
6120,109,4,4
6121,4,2,4
6122,129,4,2
6123,125,7,3
6124,2,8,3
6125,33,4,3
6126,7,24,5
6127,121,42,3
6128,37,22,2
6129,49,11,5
6130,148,15,5
6131,13,37,5
6132,13,32,5
6133,120,23,5
6135,47,16,5
6136,19,21,4
6137,157,17,4
6138,55,48,4
6139,53,48,2
6140,11,12,5
6141,104,38,5
6142,69,28,5
6143,73,14,4
6144,59,22,3
6145,22,41,4
6146,14,16,4
6147,155,23,4
6148,48,9,5
6149,109,19,1
6150,71,32,3
6151,111,32,4
6152,9,29,2
6153,107,12,4
6154,52,3,5
6155,152,10,4
6156,77,44,5
6157,19,20,2
6158,102,48,2
6159,92,6,4
6160,30,9,4
6161,1,35,2
6162,21,17,2
6163,104,15,3
6164,112,16,4
6165,29,23,4
6166,139,33,4
6167,66,34,5
6168,7,44,4
6169,11,34,5
6170,24,36,4
6171,129,36,3
6172,84,21,4
6173,72,12,5
6174,7,35,5
6175,137,37,3
6176,54,36,3
6177,127,48,5
6178,9,27,2
6179,44,8,3
6180,64,2,5
6181,155,45,3
6182,140,25,3
6183,4,48,5
6184,0,43,4
6185,81,48,2
6186,100,17,3
6187,46,43,2
6188,7,46,4
6189,45,22,5
6190,119,3,5
6191,109,21,5
6192,153,46,5
6193,52,46,3
6194,20,32,3
6195,130,36,5
6196,151,1,3
6197,84,29,5
6198,99,39,5
6199,59,40,3
6200,77,14,5
6201,71,2,3
6202,41,9,5
6203,52,28,5
6204,154,36,3
6205,123,9,3
6206,149,20,5
6207,13,33,3
6208,28,23,4
6209,152,28,5
6210,45,2,5
6211,70,9,2
6212,146,35,5
6213,18,47,1
6214,0,38,2
6215,77,46,5
6216,97,4,5
6217,121,18,4
6218,126,39,5
6219,10,0,4
6220,112,39,2
6221,38,20,5
6222,7,9,4
6223,105,19,5
6224,108,8,2
6225,50,34,3
6226,123,6,5
6227,149,0,4
6228,22,42,3
6229,26,5,3
6230,76,14,5
6231,24,19,4
6232,0,16,3
6233,71,13,4
6234,108,4,4
6235,142,26,4
6236,115,6,4
6237,49,26,5
6238,124,21,3
6239,88,0,3
6240,91,17,5
6241,151,47,4
6242,71,19,4
6243,47,34,2
6244,158,13,5
6245,13,42,1
6246,48,35,4
6247,138,28,3
6248,80,22,4
6249,41,17,5
6250,138,29,2
6251,25,16,4
6252,72,41,4
6253,142,24,5
6254,103,30,1
6255,77,41,4
6256,146,45,5
6257,61,31,2
6258,53,6,5
6259,98,24,5
6260,98,23,5
6261,28,8,4
6262,86,18,4
6263,152,17,5
6264,11,20,4
6265,109,12,3
6266,69,33,3
6267,116,1,3
6268,153,40,5
6269,130,15,3
6270,15,33,5
6271,84,35,4
6272,109,1,4
6273,15,20,4
6274,145,21,5
6275,82,24,4
6276,152,34,4
6277,50,28,4
6278,140,12,3
6279,146,38,5
6280,72,17,4
6281,140,18,2
6282,93,21,5
6283,142,41,4
6284,144,9,5
6285,2,38,4
6286,1,4,2
6287,93,36,3
6288,154,39,5
6289,86,29,4
6290,41,19,3
6291,52,37,5
6292,29,0,5
6293,41,13,4
6294,101,11,5
6295,1,38,5
6296,150,5,5
6297,20,1,4
6298,19,36,4
6299,150,13,3
6300,55,25,5
6301,46,1,3
6303,78,27,1
6304,23,14,5
6305,78,34,5
6306,34,45,4
6307,128,21,4
6308,16,32,3
6309,116,47,3
6310,106,24,2
6311,5,32,2
6312,144,47,3
6313,48,46,3
6314,43,39,3
6315,13,13,5
6316,19,40,4
6317,135,32,2
6318,152,33,3
6319,11,15,4
6320,21,34,3
6321,68,30,3
6322,25,33,5
6323,83,32,4
6324,100,13,4
6325,69,44,4
6326,97,39,3
6327,22,23,3
6328,124,22,5
6329,94,19,5
6330,146,21,5
6331,34,22,5
6332,116,2,2
6333,43,19,4
6334,46,15,3
6335,54,38,4
6337,39,46,3
6338,27,47,2
6339,105,38,5
6340,45,15,5
6341,126,24,5
6342,41,25,3
6343,34,13,5
6344,8,14,2
6345,96,42,2
6346,108,48,4
6347,18,37,5
6348,139,43,4
6349,102,36,4
6350,20,37,5
6351,90,12,3
6352,72,39,2
6353,83,38,3
6354,69,17,4
6355,104,32,4
6356,5,18,5
6357,26,47,3
6358,56,10,4
6359,97,27,4
6360,113,40,5
6361,129,48,4
6362,118,48,5
6363,104,17,5
6364,128,39,3
6365,66,0,4
6366,27,11,3
6367,30,43,5
6368,52,48,3
6369,51,35,5
6370,100,14,5
6371,83,4,5
6372,117,35,1
6374,59,32,4
6375,46,37,5
6376,145,40,3
6377,101,4,3
6378,28,26,3
6379,69,37,3
6380,92,26,1
6381,148,28,5
6382,1,19,5
6383,129,45,5
6384,96,5,2
6385,58,5,3
6386,120,8,5
6387,47,13,5
6388,13,10,3
6389,12,34,4
6390,100,25,4
6391,112,32,1
6392,78,22,5
6393,24,7,4
6394,57,42,3
6395,132,33,3
6396,14,10,3
6397,142,22,5
6398,0,47,1
6399,30,32,3
6400,79,26,4
6401,37,38,4
6402,9,3,2
6403,144,28,4
6404,62,34,3
6405,64,0,3
6406,35,23,4
6407,61,27,5
6408,38,27,5
6409,21,4,3
6410,76,36,5
6411,44,7,4
6412,52,18,5
6413,74,22,5
6414,116,39,3
6415,111,3,2
6416,41,34,2
6417,79,47,4
6418,67,10,4
6419,88,32,4
6420,78,32,4
6421,115,26,5
6422,84,20,4
6423,75,39,1
6424,77,39,2
6425,137,36,4
6426,114,39,4
6427,147,44,4
6428,49,20,4
6429,85,17,3
6430,39,27,3
6431,100,43,4
6432,144,34,5
6433,52,42,5
6434,17,43,5
6435,1,47,2
6436,11,45,5
6437,141,5,3
6438,95,45,5
6439,60,17,2
6440,41,33,5
6441,56,29,4
6442,9,34,3
6443,79,25,3
6444,10,17,4
6445,33,33,3
6446,68,32,5
6447,151,38,4
6448,13,5,1
6449,81,41,2
6450,19,12,4
6451,120,3,5
6452,27,20,2
6453,85,37,5
6454,118,9,5
6455,77,42,5
6456,5,16,5
6457,126,43,5
6458,98,10,4
6459,99,6,4
6460,109,34,5
6461,14,27,4
6462,89,22,2
6463,34,33,3
6464,62,12,2
6465,103,21,1
6467,91,44,4
6468,5,48,3
6469,117,42,5
6470,11,40,2
6471,85,47,3
6472,45,43,5
6473,22,2,4
6474,143,30,3
6475,41,24,3
6476,85,6,5
6477,38,2,5
6478,18,4,5
6479,21,25,3
6480,28,19,5
6481,150,18,3
6482,148,47,5
6483,70,30,5
6484,58,38,3
6485,152,4,3
6486,52,40,3
6487,7,0,4
6488,109,33,5
6489,127,23,5
6490,102,41,5
6491,61,37,5
6492,15,24,3
6493,135,15,3
6494,73,32,3
6495,53,38,5
6496,65,45,4
6497,52,33,3
6498,18,26,3
6499,10,26,2
6500,50,22,2
6501,120,11,5
6502,76,24,1
6503,114,43,3
6504,79,37,4
6505,78,4,3
6506,140,33,5
6507,99,0,3
6508,148,39,2
6509,21,27,1
6510,152,23,3
6511,119,28,5
6512,136,26,3
6513,65,15,2
6514,88,5,2
6515,110,6,5
6516,57,9,3
6517,78,15,2
6518,154,48,3
6519,100,41,5
6520,31,21,5
6521,83,26,5
6522,71,4,4
6523,20,5,3
6524,43,37,4
6525,151,37,4
6526,30,44,3
6527,43,4,4
6528,147,5,1
6529,107,41,3
6530,99,37,5
6531,48,12,5
6532,75,22,4
6533,58,43,3
6534,38,35,5
6535,46,19,5
6536,96,23,3
6537,114,18,5
6538,43,29,4
6539,93,8,4
6540,72,4,3
6541,14,11,3
6542,85,46,3
6543,16,0,5
6544,64,42,4
6545,96,10,3
6546,131,33,4
6547,47,23,3
6548,126,45,5
6549,28,39,5
6550,89,3,3
6551,82,6,2
6552,63,15,3
6553,9,4,4
6554,23,31,4
6555,95,8,3
6556,103,15,3
6557,74,40,3
6558,157,45,3
6559,0,46,1
6560,74,31,3
6561,150,39,4
6562,55,4,3
6563,146,37,5
6564,45,17,5
6565,9,5,2
6566,47,31,4
6567,69,46,4
6568,87,27,2
6569,137,26,2
6570,103,33,5
6571,92,27,4
6572,8,21,3
6573,146,29,4
6574,10,3,4
6575,129,41,5
6576,46,48,3
6577,62,8,3
6578,86,43,5
6579,12,38,5
6580,12,7,5
6581,133,38,5
6582,85,0,4
6583,58,9,2
6584,100,36,4
6585,75,29,1
6586,21,33,2
6587,48,47,4
6589,90,22,5
6590,7,2,5
6591,59,39,4
6592,107,48,4
6593,125,27,3
6594,96,16,2
6595,117,4,2
6596,136,45,1
6597,21,18,3
6598,26,8,3
6599,6,9,5
6600,31,12,3
6601,101,1,5
6602,39,11,3
6603,44,21,5
6604,138,10,3
6605,134,3,5
6606,103,35,4
6607,116,3,4
6608,25,30,3
6609,108,36,5
6610,6,1,2
6611,48,33,4
6612,133,21,3
6613,102,32,5
6614,148,16,3
6615,73,25,4
6616,70,34,1
6617,92,1,4
6618,119,42,5
6619,3,12,5
6620,36,8,5
6621,44,25,5
6622,53,29,2
6623,48,17,4
6624,27,41,3
6625,17,47,4
6626,120,44,5
6627,38,30,5
6628,74,19,4
6629,81,12,2
6630,11,44,5
6631,158,8,5
6632,88,20,4
6633,149,23,4
6634,138,31,2
6635,115,12,5
6636,58,37,5
6637,156,21,4
6638,129,20,4
6639,112,17,1
6640,87,40,5
6641,146,10,5
6642,115,42,5
6643,71,36,4
6644,98,29,3
6645,155,47,3
6646,151,34,4
6647,87,37,5
6648,103,12,5
6649,101,33,5
6650,115,7,3
6651,90,24,3
6652,97,13,4
6653,95,12,3
6654,144,18,5
6655,43,3,4
6656,29,42,3
6657,118,47,3
6658,56,0,4
6659,70,20,4
6660,43,18,4
6661,51,19,3
6662,10,42,4
6663,47,25,5
6664,140,30,1
6665,12,13,5
6666,67,27,2
6667,128,24,4
6668,152,2,5
6669,68,14,5
6670,64,34,3
6672,134,44,5
6673,113,15,1
6674,153,32,5
6675,140,9,5
6676,132,13,4
6677,152,42,4
6678,95,20,5
6679,123,5,1
6680,145,15,5
6681,33,35,4
6682,84,5,1
6683,12,39,5
6684,37,36,5
6685,68,43,4
6686,50,1,4
6687,22,38,3
6688,89,34,4
6689,25,32,4
6690,23,40,3
6691,5,40,5
6692,49,24,3
6693,29,38,3
6694,26,14,3
6695,18,42,2
6696,39,38,3
6697,31,4,3
6698,70,17,2
6699,66,3,4
6700,116,48,3
6701,103,13,5
6702,67,3,5
6703,53,39,5
6704,151,32,5
6705,17,44,3
6706,113,30,4
6707,53,17,5
6708,139,10,5
6709,75,23,3
6710,77,33,5
6711,22,45,4
6712,36,29,3
6714,154,12,3
6715,141,15,1
6716,112,33,2
6717,10,6,4
6718,93,16,3
6719,9,17,3
6720,31,17,4
6721,134,43,5
6722,125,21,5
6723,55,42,5
6724,151,7,1
6725,131,10,3
6726,147,4,5
6727,144,13,3
6728,37,23,4
6729,71,29,2
6730,23,45,3
6731,128,47,5
6732,76,9,5
6733,99,19,4
6734,152,47,4
6735,45,7,2
6736,77,26,4
6737,89,39,5
6738,133,1,4
6739,13,6,2
6740,158,32,5
6741,149,29,5
6742,64,27,5
6743,128,11,4
6744,2,31,3
6745,55,12,3
6746,56,3,4
6747,130,32,3
6748,98,41,4
6749,54,13,5
6750,40,31,4
6751,100,15,5
6752,70,33,5
6753,87,22,5
6754,36,21,5
6755,102,44,3
6756,55,32,3
6757,26,13,3
6758,30,24,4
6759,96,6,4
6760,71,18,4
6761,84,41,4
6762,112,40,3
6763,90,5,2
6764,40,41,3
6765,122,35,5
6766,40,30,4
6767,102,5,4
6768,60,26,3
6769,98,3,4
6770,76,12,3
6771,116,25,2
6772,95,19,4
6773,102,28,3
6774,91,7,5
6775,69,42,3
6776,148,9,4
6777,35,36,3
6778,103,25,3
6779,49,12,5
6780,80,41,3
6781,78,7,4
6782,105,21,5
6783,9,48,3
6784,151,46,3
6785,84,23,1
6786,32,41,3
6787,26,26,3
6788,136,19,2
6789,8,16,4
6790,80,31,3
6791,79,34,4
6792,45,28,5
6793,117,6,5
6794,62,28,5
6795,152,27,5
6796,124,17,1
6797,55,30,5
6798,119,17,5
6799,36,34,5
6800,64,19,3
6801,102,23,2
6802,51,26,3
6803,43,40,4
6804,76,41,3
6805,74,24,5
6806,65,17,2
6807,33,12,2
6808,74,8,4
6809,103,39,3
6810,79,46,3
6811,72,43,4
6812,45,45,4
6813,23,32,2
6814,74,32,4
6815,85,2,5
6816,81,30,2
6817,151,23,4
6818,57,4,3
6819,71,25,5
6820,146,43,4
6821,109,32,1
6822,156,40,3
6823,104,7,4
6824,119,10,5
6825,87,1,3
6826,97,47,4
6827,2,34,5
6828,112,30,5
6829,109,39,4
6830,98,6,5
6831,139,13,5
6832,11,37,5
6833,82,35,5
6834,114,24,3
6835,35,10,3
6836,0,32,2
6837,150,43,5
6838,57,43,3
6839,66,10,5
6841,36,40,5
6842,6,0,4
6843,32,6,4
6844,130,44,4
6845,30,25,4
6846,141,48,3
6847,105,28,5
6848,57,24,2
6849,86,27,5
6850,89,30,5
6851,23,36,3
6852,1,25,5
6853,146,46,4
6854,150,34,2
6855,153,47,5
6856,47,17,1
6857,31,34,3
6858,28,33,3
6859,112,23,4
6860,156,23,4
6861,141,35,4
6862,57,7,4
6863,79,1,2
6864,111,13,5
6865,38,5,2
6866,120,20,5
6867,152,44,4
6868,141,30,1
6869,73,15,4
6870,20,45,5
6871,4,39,3
6872,32,5,3
6873,155,24,2
6874,112,6,5
6875,97,12,1
6876,121,10,3
6877,117,21,5
6878,85,20,2
6879,78,10,5
6880,37,26,4
6881,33,29,3
6882,12,26,5
6883,109,5,1
6884,87,35,5
6885,67,25,4
6886,15,16,1
6887,149,17,1
6888,57,19,2
6889,138,6,3
6890,83,36,5
6891,3,42,4
6892,65,42,2
6893,64,36,3
6894,29,10,3
6895,82,10,3
6896,98,0,5
6897,37,15,3
6898,76,4,5
6899,128,40,3
6900,27,24,2
6901,114,47,4
6902,49,39,5
6903,2,28,5
6904,132,41,4
6905,2,10,4
6906,81,7,2
6907,95,13,5
6908,122,18,4
6909,153,39,5
6910,44,2,1
6911,25,45,2
6912,152,8,3
6915,23,29,3
6916,49,28,5
6917,36,43,5
6918,61,0,5
6919,69,7,5
6920,124,37,5
6921,79,28,5
6922,76,0,4
6923,67,29,3
6924,101,27,3
6925,97,0,2
6926,52,30,5
6927,15,40,4
6928,81,36,3
6929,120,13,5
6930,138,34,2
6931,56,32,4
6932,7,23,4
6933,20,28,5
6934,140,23,3
6935,90,16,5
6936,127,13,5
6938,40,23,5
6939,8,19,3
6940,15,7,4
6941,149,26,5
6942,154,1,3
6943,152,0,5
6944,34,20,4
6945,158,22,2
6946,27,43,2
6947,82,41,3
6948,130,6,4
6949,5,11,5
6950,14,2,2
6951,124,38,5
6952,45,24,3
6953,150,37,4
6954,144,3,4
6955,68,8,5
6956,111,27,5
6957,62,45,4
6958,79,11,3
6959,134,2,3
6960,156,4,5
6961,26,44,3
6962,9,33,3
6963,69,31,3
6964,6,37,3
6965,14,1,3
6966,136,23,3
6967,148,0,5
6968,33,18,4
6969,137,42,3
6970,16,28,5
6971,47,38,5
6972,59,35,5
6973,46,34,4
6974,91,30,5
6975,113,1,3
6976,57,28,3
6977,155,4,2
6978,88,19,3
6979,101,24,5
6980,53,34,5
6981,147,11,4
6982,121,38,5
6984,103,0,5
6985,12,6,5
6986,14,13,3
6987,57,21,4
6988,106,16,5
6989,3,37,4
6990,138,8,1
6991,93,31,3
6992,119,18,5
6993,111,21,4
6994,139,32,5
6995,91,31,5
6996,26,24,3
6997,131,44,4
6998,144,1,4
6999,111,26,2
7000,85,32,4
7001,24,20,3
7002,15,18,3
7003,90,41,5
7004,140,39,3
7005,45,1,2
7006,53,33,5
7007,142,38,5
7008,111,19,4
7009,50,12,5
7010,29,45,3
7011,45,8,5
7012,36,0,4
7013,149,37,5
7014,48,34,4
7015,97,10,4
7016,108,39,5
7017,27,21,2
7018,35,28,5
7019,140,40,3
7020,145,29,3
7021,71,11,3
7022,122,16,5
7024,90,44,3
7025,92,3,5
7026,22,19,5
7027,21,35,3
7028,92,29,2
7029,95,5,2
7030,148,22,4
7031,143,2,5
7032,96,2,5
7033,134,47,5
7034,82,22,2
7035,146,33,5
7036,52,36,5
7037,90,25,5
7038,61,32,5
7039,105,9,5
7040,139,35,5
7041,150,4,5
7042,115,19,5
7043,56,30,3
7044,77,48,2
7045,14,5,2
7046,26,33,3
7047,76,44,3
7048,121,19,4
7049,93,22,3
7050,121,4,5
7051,150,40,5
7052,0,11,3
7053,22,14,5
7054,6,32,3
7055,80,6,5
7056,12,24,5
7057,84,30,5
7058,8,17,4
7059,108,32,3
7060,117,39,5
7061,79,3,4
7062,81,25,3
7063,149,13,4
7064,70,44,5
7065,125,20,3
7066,154,31,5
7067,56,11,3
7068,46,9,3
7069,105,7,5
7070,36,3,4
7071,141,3,3
7072,100,38,4
7073,72,47,5
7074,50,16,4
7075,71,28,4
7076,120,35,5
7077,120,19,5
7078,149,24,3
7079,87,9,3
7080,46,24,5
7081,17,23,3
7082,80,43,2
7083,82,45,3
7084,36,30,3
7085,3,23,3
7086,111,28,5
7087,94,9,3
7088,51,27,3
7089,63,44,2
7090,44,32,3
7091,73,39,5
7092,145,13,5
7093,77,23,4
7094,143,8,3
7095,31,43,4
7096,4,3,5
7097,78,16,5
7098,124,1,4
7099,5,8,1
7100,31,31,4
7101,96,28,3
7102,23,18,4
7103,10,11,4
7104,130,39,3
7105,58,8,3
7106,81,45,4
7107,80,37,5
7108,20,48,3
7109,148,36,3
7110,99,18,5
7111,23,47,5
7112,112,47,1
7113,122,34,4
7114,123,14,4
7115,13,29,3
7116,122,41,4
7117,37,2,3
7118,71,48,3
7119,82,18,5
7120,26,40,3
7121,15,26,4
7122,76,1,5
7123,115,16,3
7124,66,23,5
7125,75,1,3
7126,131,7,3
7127,139,30,4
7128,10,1,4
7129,42,1,4
7130,94,35,4
7131,27,1,3
7132,50,15,2
7133,128,33,4
7134,74,35,5
7135,96,33,2
7136,120,6,5
7137,80,27,5
7138,4,31,5
7139,153,4,5
7140,88,2,4
7141,67,13,2
7142,130,38,4
7143,124,10,4
7144,128,35,4
7146,52,39,3
7147,140,48,3
7148,141,13,4
7149,54,45,2
7150,147,38,4
7151,22,27,3
7152,22,46,3
7153,144,29,5
7154,132,10,3
7155,29,1,5
7156,40,32,3
7157,65,36,5
7158,57,11,4
7159,9,45,3
7160,139,12,5
7161,99,35,4
7162,14,36,3
7163,118,32,3
7164,28,22,5
7165,28,24,1
7166,22,21,4
7167,42,38,5
7168,17,38,4
7169,81,5,1
7170,20,12,3
7171,141,17,1
7172,125,36,4
7173,51,45,5
7174,84,2,3
7175,86,40,3
7176,157,38,4
7177,51,20,3
7178,104,26,5
7179,131,22,3
7180,52,24,3
7181,31,45,3
7182,1,3,2
7183,102,3,4
7184,133,43,2
7185,46,22,5
7186,22,5,3
7187,152,35,5
7188,4,37,5
7189,83,44,5
7190,11,22,5
7191,38,42,3
7192,125,43,3
7193,3,30,3
7194,61,45,5
7195,71,34,5
7196,119,20,5
7197,42,46,4
7198,135,42,4
7199,111,11,4
7200,29,11,4
7201,114,21,5
7202,17,18,4
7203,36,14,5
7204,139,2,5
7205,47,48,4
7206,97,14,5
7207,143,1,3
7208,58,33,3
7209,114,15,4
7210,150,6,5
7211,139,5,4
7212,55,43,5
7213,112,2,3
7214,95,44,5
7215,64,31,4
7216,128,6,5
7217,124,16,3
7218,36,5,2
7219,30,33,4
7220,26,27,3
7221,59,13,4
7222,62,37,5
7223,132,30,3
7224,16,44,5
7225,0,0,3
7226,133,34,4
7227,76,11,5
7228,46,39,5
7229,158,27,4
7230,142,47,5
7231,92,15,3
7232,72,13,4
7233,151,3,4
7234,145,45,4
7235,63,5,5
7236,14,23,5
7237,71,10,4
7238,91,42,5
7239,33,28,4
7240,107,31,2
7241,78,9,4
7242,70,43,2
7243,51,0,5
7244,21,13,3
7245,101,23,5
7246,44,39,5
7247,85,30,5
7248,81,13,5
7249,120,42,5
7250,155,14,5
7251,93,32,4
7252,99,45,2
7253,22,8,3
7254,98,5,1
7255,37,21,3
7256,140,36,1
7257,63,31,5
7258,136,35,4
7259,82,42,3
7260,5,44,5
7261,107,21,5
7262,34,23,4
7263,132,39,4
7264,67,7,2
7265,7,33,4
7266,135,8,5
7267,108,17,5
7268,56,13,3
7269,74,47,5
7270,102,31,4
7271,67,35,5
7272,6,47,5
7273,133,18,5
7274,76,27,4
7275,55,40,4
7276,35,48,4
7277,121,46,4
7278,91,48,5
7279,116,37,4
7280,6,45,5
7281,120,2,5
7282,34,28,5
7283,2,13,4
7284,50,14,5
7285,32,8,4
7286,122,46,3
7287,23,25,3
7288,54,18,5
7289,94,39,5
7290,150,10,5
7291,151,43,2
7292,136,47,3
7293,35,42,4
7294,89,26,4
7295,147,46,5
7296,158,44,5
7297,33,15,4
7298,116,9,2
7299,4,45,5
7300,66,2,5
7301,75,42,4
7302,44,24,2
7303,131,25,3
7304,125,17,4
7305,75,7,4
7306,52,29,5
7308,7,18,4
7309,15,5,4
7310,92,4,4
7311,22,36,3
7312,103,10,4
7313,158,28,5
7314,14,33,3
7315,75,16,2
7316,144,20,3
7317,106,14,4
7318,5,20,4
7319,95,24,5
7320,25,17,2
7321,29,7,1
7322,56,14,4
7323,152,1,4
7324,152,11,5
7326,26,34,3
7327,80,40,5
7328,33,9,3
7329,32,37,5
7330,77,30,3
7331,123,0,5
7332,100,24,3
7333,1,8,2
7334,103,32,4
7335,42,29,3
7336,75,32,1
7337,54,3,5
7338,21,39,3
7339,89,35,4
7340,80,4,5
7341,94,17,2
7342,40,39,4
7343,61,4,5
7344,53,3,5
7345,148,8,4
7346,29,4,5
7347,58,14,5
7348,84,48,4
7349,154,37,5
7350,97,33,3
7351,59,31,3
7352,18,48,4
7353,123,45,3
7354,133,36,5
7355,47,22,5
7356,146,30,5
7357,130,5,2
7358,124,48,4
7359,102,42,2
7360,0,20,4
7361,5,42,5
7362,111,20,3
7363,65,18,4
7364,151,24,4
7365,58,3,4
7366,25,20,3
7367,38,18,4
7368,7,30,4
7369,126,31,5
7370,99,11,3
7371,2,1,2
7372,123,34,3
7373,139,22,4
7374,154,22,5
7375,150,36,5
7376,74,28,5
7377,156,6,4
7378,21,5,3
7379,10,36,4
7380,107,44,3
7381,44,17,5
7382,70,22,3
7383,115,39,5
7384,103,41,5
7385,127,8,5
7386,137,2,3
7387,1,18,5
7388,49,2,5
7389,150,35,5
7390,115,4,3
7391,29,16,4
7392,117,27,1
7393,56,38,4
7394,49,8,4
7395,144,5,2
7396,36,25,4
7397,21,44,2
7398,116,40,2
7399,55,39,5
7400,98,20,4
7401,22,25,3
7402,121,16,3
7403,121,21,4
7404,156,0,4
7405,82,29,2
7406,88,42,4
7407,52,15,5
7408,53,40,5
7409,47,43,3
7410,61,40,5
7411,132,29,4
7412,84,7,3
7413,54,12,2
7414,155,29,3
7415,143,9,4
7416,136,3,5
7417,81,10,4
7418,106,7,1
7419,31,35,5
7420,115,29,5
7421,82,0,5
7422,125,28,5
7423,13,4,5
7424,117,45,5
7425,121,37,4
7426,36,18,4
7427,65,30,3
7428,39,47,3
7429,129,47,1
7430,24,21,4
7431,127,10,5
7432,148,24,4
7433,95,23,5
7434,33,36,3
7435,40,22,4
7436,97,18,4
7437,67,42,3
7438,102,1,2
7439,74,13,4
7440,52,5,3
7441,104,8,4
7442,94,3,4
7443,54,31,5
7444,25,7,3
7445,81,38,4
7446,84,11,5
7447,19,41,4
7448,90,38,4
7449,16,48,3
7450,74,38,4
7451,149,39,3
7452,68,1,3
7453,8,2,5
7454,83,10,3
7455,89,37,5
7456,104,2,5
7457,99,4,4
7458,7,36,4
7459,105,14,5
7460,55,45,5
7461,84,45,5
7462,144,43,3
7463,126,7,5
7464,136,12,1
7465,104,10,3
7466,152,15,2
7467,22,3,1
7468,43,15,3
7469,126,41,5
7470,128,20,4
7471,105,36,4
7472,129,35,5
7473,2,25,4
7474,25,14,3
7475,73,0,4
7476,128,8,3
7477,42,33,4
7478,53,12,5
7479,145,35,5
7480,36,36,4
7481,72,11,4
7482,53,35,5
7483,85,11,2
7484,16,15,5
7485,92,46,4
7486,81,17,2
7487,87,13,5
7488,16,6,5
7489,148,29,4
7490,140,38,3
7491,101,3,5
7492,106,33,1
7493,157,19,5
7494,74,25,5
7495,97,3,4
7496,0,41,5
7497,40,24,4
7498,0,31,3
7499,144,30,4
7500,12,19,4
7501,136,18,4
7502,63,27,5
7503,135,16,4
7504,28,11,5
7505,113,47,2
7506,17,29,3
7507,21,37,5
7508,140,16,4
7509,115,2,5
7510,153,28,5
7511,58,4,3
7512,122,4,5
7513,95,48,5
7514,22,20,3
7515,27,39,1
7516,135,28,5
7517,53,14,5
7518,77,4,3
7519,35,3,5
7520,85,34,2
7521,138,19,3
7522,79,44,4
7523,108,26,4
7524,36,1,5
7525,64,21,4
7526,0,15,3
7527,70,40,4
7528,30,46,4
7529,78,28,5
7530,130,13,5
7531,109,47,2
7533,94,46,2
7534,150,9,4
7535,63,33,4
7536,151,21,5
7537,94,40,4
7538,9,18,4
7539,93,14,1
7540,132,40,5
7541,17,1,3
7542,2,37,4
7543,74,6,5
7544,80,23,5
7545,68,6,4
7546,39,24,3
7547,79,6,4
7548,141,34,3
7549,12,31,5
7550,44,9,4
7551,29,21,5
7552,22,0,3
7553,42,23,4
7554,45,4,3
7555,111,44,4
7556,70,1,2
7557,101,32,3
7558,4,9,4
7559,72,26,3
7560,40,6,4
7561,128,27,2
7562,125,38,1
7563,155,36,3
7564,4,40,4
7565,156,22,4
7566,42,34,5
7567,28,15,5
7568,152,30,3
7569,114,6,5
7570,18,17,2
7571,24,45,2
7572,65,37,4
7573,79,45,3
7574,16,17,5
7575,96,36,4
7576,140,19,3
7577,71,0,4
7578,145,41,5
7579,86,13,5
7580,13,39,1
7581,50,47,5
7582,46,21,5
7583,135,0,5
7584,9,22,5
7585,57,5,2
7586,87,45,2
7587,4,25,5
7588,43,32,4
7589,57,12,2
7590,0,25,3
7591,0,28,5
7593,0,4,2
7594,108,29,4
7595,157,10,2
7596,15,28,1
7597,91,21,5
7598,73,19,5
7599,150,2,5
7600,72,7,3
7601,130,31,4
7602,35,18,2
7603,21,6,4
7604,29,40,3
7605,131,27,4
7606,150,29,5
7607,29,19,4
7608,113,14,5
7609,104,44,3
7610,71,9,4
7611,138,5,2
7612,86,12,3
7613,70,5,4
7614,26,43,3
7615,100,4,5
7616,94,36,5
7617,143,38,4
7618,113,41,4
7619,44,18,4
7620,63,35,3
7621,74,27,5
7622,128,34,3
7623,73,38,4
7624,56,21,5
7625,153,2,5
7626,115,48,3
7627,14,40,3
7628,93,42,3
7629,17,0,4
7630,28,47,5
7631,131,23,2
7632,129,2,5
7633,140,14,5
7634,155,48,3
7635,19,34,4
7636,14,4,4
7637,28,44,5
7638,68,47,5
7639,105,45,4
7640,62,36,5
7641,106,8,4
7642,46,35,5
7643,125,8,3
7644,73,18,5
7645,61,16,5
7646,22,30,5
7647,53,27,5
7648,18,9,3
7649,91,14,5
7650,27,12,3
7651,132,15,2
7652,97,6,4
7653,154,19,3
7654,2,20,2
7655,141,29,2
7657,40,25,3
7658,51,4,4
7659,1,17,2
7660,155,34,4
7661,64,4,5
7662,21,22,3
7663,105,32,4
7664,37,37,3
7665,41,1,5
7666,19,25,4
7667,30,6,4
7668,68,27,3
7669,13,21,5
7670,19,29,1
7671,157,21,5
7672,132,44,4
7673,101,28,5
7674,143,5,3
7675,42,17,5
7676,16,11,5
7677,107,47,5
7678,98,34,5
7679,65,24,5
7680,26,10,3
7681,29,5,3
7682,57,39,2
7683,124,30,4
7684,65,5,2
7685,141,7,3
7686,145,5,2
7687,55,13,5
7688,124,14,4
7689,147,16,5
7690,80,7,3
7691,97,45,2
7692,101,7,5
7693,121,44,5
7694,41,31,3
7695,118,33,4
7696,13,36,4
7697,24,17,2
7698,104,34,5
7699,46,41,4
7700,86,41,5
7701,14,41,4
7702,16,38,5
7703,127,37,5
7704,62,39,5
7705,111,0,5
7706,80,25,3
7707,66,37,5
7708,25,48,2
7709,32,13,5
7710,112,45,3
7711,110,47,4
7712,100,33,4
7713,1,20,5
7714,6,30,2
7715,139,28,5
7716,51,22,5
7717,76,32,5
7718,4,16,5
7719,75,15,3
7720,41,8,5
7721,74,7,5
7722,114,13,5
7723,132,12,4
7724,100,42,3
7725,158,9,3
7726,122,9,4
7727,144,2,5
7728,61,19,5
7729,16,33,5
7730,140,34,3
7731,26,3,3
7732,123,3,5
7733,53,16,3
7734,40,17,4
7735,146,13,4
7736,89,46,3
7737,1,31,1
7738,95,34,3
7739,9,25,3
7740,122,12,4
7741,60,38,3
7742,121,17,4
7743,145,46,3
7745,85,8,4
7746,157,5,3
7747,9,42,5
7748,72,23,4
7749,116,43,3
7750,99,24,4
7751,158,15,4
7753,119,1,5
7754,66,5,3
7755,17,27,3
7756,30,26,5
7757,41,6,5
7758,104,37,5
7759,101,13,5
7760,83,31,5
7761,24,14,4
7762,157,34,4
7763,154,15,3
7764,64,10,3
7765,51,30,5
7766,2,43,3
7767,112,10,4
7768,120,47,5
7769,143,42,4
7770,83,13,5
7771,104,25,3
7772,69,10,4
7773,125,3,4
7774,13,35,5
7775,42,44,5
7776,63,37,5
7777,83,22,4
7778,99,48,2
7779,42,16,5
7780,74,48,4
7781,73,8,2
7782,63,25,2
7783,21,12,2
7784,128,38,5
7785,128,37,5
7786,6,48,2
7787,89,40,4
7788,94,13,4
7789,81,27,3
7790,30,29,2
