userId,foodId,eventStrength
7,0,4
46,1,5
66,2,5
104,3,3
91,4,5
146,5,5
90,6,5
109,7,1
1,8,5
35,3,5
94,9,3
153,10,5
28,0,5
67,11,5
65,12,5
4,13,5
109,14,2
11,15,4
92,8,4
157,16,4
62,12,3
46,17,1
119,18,5
64,19,4
64,20,4
14,21,4
98,2,5
56,21,4
67,21,5
82,11,5
107,22,3
67,23,3
144,15,5
29,15,5
111,24,5
44,25,5
40,16,4
144,26,4
89,7,3
146,27,5
124,28,1
79,17,3
61,4,5
118,29,3
66,0,5
102,5,5
36,12,5
111,30,3
153,31,5
98,32,5
141,33,2
109,34,4
151,21,4
100,18,3
56,3,2
17,9,3
20,35,4
111,0,1
61,33,2
2,36,4
138,4,4
59,6,5
104,27,5
69,19,3
19,12,4
41,7,3
88,13,3
18,1,4
129,37,5
94,28,3
62,10,4
124,38,3
102,34,2
5,22,5
97,25,5
156,39,2
100,30,4
126,12,5
117,12,5
117,38,3
125,40,4
60,23,4
49,41,5
14,26,2
27,6,2
143,42,3
28,29,5
119,28,5
74,30,4
0,43,5
50,13,4
157,22,2
56,33,3
138,25,4
33,19,4
93,15,4
48,33,4
13,31,3
12,8,3
64,44,1
153,44,5
54,38,2
150,20,5
139,45,4
111,10,5
124,11,4
93,40,3
129,46,4
122,44,5
69,47,5
95,12,5
17,0,5
124,20,2
103,27,5
120,15,5
148,40,3
101,35,5
53,26,3
132,2,2
60,13,3
95,40,2
21,12,4
158,14,3
140,4,3
69,16,5
16,47,4
86,9,5
96,30,2
14,37,3
31,25,5
42,39,5
77,7,4
126,11,5
64,2,2
68,47,4
69,3,5
56,29,4
88,3,4
76,1,3
139,7,5
55,36,5
53,43,5
72,46,4
146,10,5
12,24,5
27,44,2
129,7,5
110,5,3
38,28,2
99,33,2
82,39,4
129,27,4
124,33,4
142,2,5
138,20,3
20,44,5
76,26,3
54,39,5
93,30,3
117,14,2
46,30,5
68,48,3
58,40,3
11,4,4
132,26,2
55,42,3
18,34,5
116,20,3
22,13,2
122,30,5
106,20,1
93,35,4
115,21,1
25,36,4
55,7,4
95,16,4
64,13,5
137,1,3
10,48,4
84,22,5
34,26,4
113,24,5
147,23,4
101,15,5
154,16,3
120,44,5
40,30,3
147,14,2
3,32,1
50,26,2
42,28,3
125,12,2
43,8,3
4,21,5
86,43,4
0,40,3
60,5,5
127,35,4
71,37,4
136,45,2
26,25,3
140,29,3
129,20,1
4,15,5
52,27,3
115,48,5
65,20,5
156,0,4
92,10,4
0,21,5
2,17,2
3,36,4
101,41,3
58,2,3
48,27,4
115,7,5
82,30,3
112,29,1
108,12,5
94,8,1
15,26,2
105,25,5
152,35,4
61,17,5
27,7,2
64,39,3
48,24,5
59,16,4
38,39,5
144,47,4
19,36,4
16,27,5
150,41,5
13,13,5
119,20,5
124,48,2
146,18,5
60,33,4
93,6,5
125,43,4
20,20,3
64,32,5
19,8,3
0,27,2
90,48,3
99,10,3
118,36,5
10,6,5
85,20,3
109,8,4
56,22,3
56,25,4
41,28,2
45,25,1
23,39,4
76,41,5
150,14,4
0,44,4
145,41,3
154,29,5
5,38,5
112,44,4
47,18,5
28,23,3
81,9,2
0,14,3
63,47,5
21,17,3
127,39,5
70,0,5
53,4,5
36,32,1
110,41,3
15,21,1
97,46,4
102,41,4
25,42,3
86,29,5
18,9,4
23,25,5
91,2,5
0,46,3
154,42,4
93,32,5
85,47,4
13,41,4
83,1,5
153,34,5
141,8,4
75,11,2
113,37,4
27,46,3
89,33,1
10,11,3
90,26,4
18,44,3
37,29,3
137,7,4
63,11,1
130,1,4
0,12,5
147,7,2
140,34,3
50,42,3
69,4,4
10,42,4
63,43,3
110,11,2
96,18,2
139,11,5
15,20,4
18,48,1
57,24,4
149,7,1
120,20,5
2,12,4
48,39,5
97,37,4
71,38,2
138,1,4
33,10,3
93,4,4
13,7,5
24,22,4
48,26,4
91,24,5
70,47,2
53,2,5
61,38,4
94,15,4
50,25,5
81,4,2
111,15,2
14,3,4
76,24,4
122,11,4
122,5,4
26,46,3
37,9,3
79,40,2
109,12,5
64,46,3
123,0,5
51,18,5
62,1,3
82,9,4
54,19,4
79,20,3
3,30,3
15,30,1
19,23,4
40,39,3
87,21,5
26,7,3
32,40,5
89,38,4
116,15,2
62,41,5
134,20,3
13,37,3
126,42,4
93,5,4
117,37,4
141,20,2
143,31,4
103,26,3
48,14,5
157,47,5
35,14,2
34,48,4
38,11,4
149,8,4
142,1,4
65,24,2
72,23,2
14,18,2
4,37,5
47,8,3
125,25,4
83,10,5
88,20,3
21,16,3
129,44,5
133,20,5
123,12,5
111,31,2
149,29,5
152,10,3
125,19,4
142,34,5
56,5,4
120,37,5
92,17,3
38,41,4
136,6,5
114,24,5
113,9,4
150,32,5
38,36,4
36,11,3
5,4,4
122,27,4
93,34,2
123,20,4
90,45,4
137,18,2
18,35,4
57,30,2
100,3,5
10,3,4
67,43,5
111,13,2
105,24,5
108,18,5
103,0,3
108,33,1
79,47,4
124,29,5
152,18,5
84,31,5
73,16,5
36,5,5
115,0,5
43,45,4
49,40,4
104,6,5
119,45,5
78,25,4
151,17,5
106,48,5
8,11,3
157,7,5
158,12,4
76,18,4
130,9,4
61,31,5
11,11,5
27,22,2
130,33,4
5,42,4
67,5,4
57,21,3
48,38,4
66,26,4
43,13,2
1,39,2
145,36,5
73,2,5
42,22,5
96,21,4
101,3,3
107,16,2
56,42,2
136,31,3
5,48,1
90,28,2
45,23,3
51,8,2
90,3,4
116,4,3
115,26,5
106,15,3
36,18,4
10,45,4
120,25,5
76,4,4
25,33,4
30,6,5
120,40,5
117,10,5
154,30,3
52,45,3
116,43,2
138,44,3
42,33,4
34,31,5
146,31,2
12,11,5
14,16,3
96,43,3
79,37,3
140,10,1
137,35,3
123,36,5
2,25,4
91,33,5
129,26,5
20,48,5
75,42,3
126,32,5
40,5,3
36,6,5
137,14,4
46,28,4
147,33,4
0,22,4
147,41,5
72,20,5
7,9,3
17,5,5
29,22,4
157,26,4
32,5,3
2,38,3
15,15,2
5,21,5
110,24,5
122,22,4
115,33,1
108,8,3
8,47,4
77,16,5
126,41,5
25,31,3
40,12,4
158,32,3
0,3,2
4,46,5
49,1,5
133,33,5
40,24,4
51,7,3
104,0,2
140,47,3
71,23,4
2,15,4
33,12,3
39,33,3
6,33,3
40,41,4
31,39,5
108,39,4
58,16,5
20,17,5
127,45,5
10,7,4
137,37,1
87,25,5
18,4,2
111,26,4
60,31,5
119,44,5
133,28,4
25,24,5
80,4,3
155,2,3
87,42,5
24,14,1
85,33,3
33,5,3
55,44,5
107,37,2
7,18,4
89,0,5
73,6,5
125,4,4
50,44,3
22,38,3
12,32,5
95,48,2
110,21,5
57,12,3
3,24,4
74,22,5
156,35,4
152,16,4
57,15,4
80,25,2
17,37,5
29,24,4
80,26,3
147,34,3
143,34,3
97,38,2
15,41,3
5,10,5
43,21,4
146,45,4
12,48,4
154,5,5
72,43,5
142,39,5
60,25,2
68,0,5
60,11,2
156,42,4
32,22,4
2,0,3
12,22,2
58,24,3
45,41,5
121,16,4
157,21,4
57,0,2
131,18,2
4,41,4
11,38,2
106,45,4
114,35,5
8,15,1
96,38,3
64,23,4
17,15,4
54,15,3
141,1,3
139,37,5
14,23,4
158,28,1
100,6,5
86,20,4
79,46,4
78,31,5
136,22,4
45,6,5
13,20,1
59,24,4
110,25,5
145,35,1
114,9,3
146,34,5
96,10,3
138,43,4
128,36,4
129,34,5
126,25,5
4,11,4
91,1,5
114,1,5
99,40,3
24,3,5
127,13,5
133,4,5
118,4,3
43,24,4
7,39,5
106,43,1
38,25,5
156,29,4
121,2,4
110,18,2
105,3,3
88,44,4
49,14,4
77,5,4
149,33,4
74,48,5
71,40,3
89,36,4
61,21,5
29,10,5
57,20,2
13,19,5
143,3,3
48,32,5
5,15,5
54,43,5
88,34,3
14,48,4
59,40,3
4,1,3
118,28,4
151,2,4
147,29,4
92,37,4
105,46,5
58,28,3
34,6,5
72,31,5
1,35,2
155,17,3
116,48,2
35,19,4
35,31,4
142,4,5
114,44,3
40,29,3
122,21,5
56,8,3
119,9,5
124,47,1
139,0,5
123,15,3
23,8,3
38,5,5
153,33,5
57,39,3
140,38,2
38,45,4
59,3,4
47,38,5
148,39,5
106,44,5
1,36,5
154,26,3
139,33,4
21,5,4
96,19,4
11,17,5
141,37,4
117,39,5
6,19,4
51,12,5
74,41,5
59,43,5
49,47,3
64,18,3
116,33,2
150,22,5
20,25,5
79,24,5
133,35,5
135,43,4
92,30,5
153,45,5
57,32,2
68,14,3
68,3,3
154,36,5
57,27,3
134,18,5
119,40,5
146,12,5
115,6,4
45,15,4
87,10,5
88,15,5
76,45,3
154,38,3
99,29,3
62,35,3
126,44,5
69,37,4
85,23,4
54,36,5
121,29,1
142,12,5
88,10,4
136,23,3
45,24,5
108,1,5
146,1,5
32,45,4
114,29,4
46,40,3
73,26,4
152,8,3
157,46,4
86,6,5
136,3,4
158,21,4
13,34,1
96,26,3
61,48,5
38,43,5
34,45,4
35,39,5
51,30,5
94,40,3
137,3,2
8,43,4
14,20,4
126,31,5
19,2,4
100,10,4
48,5,4
46,36,5
120,45,5
133,1,4
64,9,5
109,20,4
126,35,5
70,35,3
53,46,5
18,16,4
155,0,4
26,39,3
131,28,3
3,8,3
89,48,4
82,15,2
144,11,5
127,12,5
157,24,4
140,36,3
68,37,2
111,46,1
3,6,5
92,24,5
42,25,5
68,41,3
52,2,3
81,42,4
140,17,3
136,32,3
94,47,4
89,9,4
93,42,3
135,21,5
50,6,4
15,42,4
7,8,4
11,39,5
30,28,3
20,0,5
37,46,3
0,38,2
65,35,4
85,30,5
134,7,1
120,38,5
81,16,3
62,24,5
129,32,5
158,19,3
60,35,4
44,35,5
32,33,4
29,36,4
22,3,2
87,48,2
142,29,5
33,40,3
94,2,5
17,24,5
19,39,4
51,48,3
109,15,4
153,46,5
17,35,3
41,19,3
43,9,3
26,44,3
139,39,5
2,21,4
31,44,4
121,44,5
6,38,4
9,37,3
0,8,4
2,1,4
3,45,5
63,28,5
151,13,5
80,20,3
42,10,5
128,0,3
41,3,5
112,47,4
97,6,4
92,18,4
76,48,4
108,48,4
81,5,2
82,16,5
123,10,4
128,1,5
105,19,5
127,10,5
74,38,3
50,24,3
97,26,4
79,41,4
87,7,5
21,30,2
76,40,5
148,8,2
118,6,5
156,14,3
85,4,3
104,43,5
49,2,4
140,39,5
147,17,5
148,29,5
82,13,3
12,40,5
6,35,5
57,5,3
38,15,4
88,40,3
11,24,5
79,12,4
89,41,1
44,37,4
78,18,3
33,21,5
55,14,5
139,34,3
120,5,5
48,34,4
19,40,2
137,26,2
18,32,5
113,39,5
137,31,3
125,31,4
135,13,4
140,24,3
12,13,5
125,37,4
10,5,5
44,0,5
31,43,5
81,41,3
134,1,4
130,37,3
84,28,1
13,10,5
102,6,4
121,40,1
84,6,4
44,23,3
15,16,3
138,12,3
128,47,4
73,18,4
134,30,5
32,25,5
36,43,5
135,19,3
117,5,5
71,42,2
136,17,1
26,38,3
15,4,2
5,20,4
12,19,4
87,17,2
77,35,5
87,8,5
68,2,5
116,3,3
68,31,4
66,14,4
74,5,3
114,40,5
145,0,4
8,4,4
13,45,2
114,37,5
106,9,2
92,40,4
90,27,4
84,48,3
27,25,4
113,43,5
146,42,5
24,33,4
66,30,3
87,24,5
96,23,2
58,27,3
75,18,3
138,15,2
13,39,5
63,44,5
110,8,3
63,5,4
105,12,4
116,34,3
90,23,4
103,19,5
62,26,3
63,18,5
113,25,5
22,21,4
10,36,4
41,39,2
142,30,5
42,4,5
129,45,2
150,44,5
135,6,5
76,47,1
150,7,5
90,22,3
98,27,4
27,39,2
50,22,2
81,40,2
75,19,3
34,44,4
83,28,1
0,13,4
148,13,4
130,2,4
105,21,5
84,9,4
55,28,5
21,8,3
1,26,1
128,14,3
145,13,5
49,8,5
120,7,5
21,28,3
126,8,5
23,16,4
70,4,2
70,34,2
155,27,1
73,29,3
110,20,3
141,6,5
96,37,3
134,40,4
30,3,5
87,26,5
130,36,4
129,36,5
43,12,4
137,45,1
9,38,2
90,33,5
59,14,3
142,35,5
123,35,5
18,22,2
156,46,4
86,0,5
24,12,4
111,12,5
153,6,5
63,3,5
156,38,4
5,37,5
98,3,4
103,33,4
129,18,5
97,2,4
136,9,1
101,7,4
133,19,5
7,17,4
108,2,5
37,7,5
16,46,4
33,38,3
15,40,5
48,7,5
121,19,4
60,20,2
146,21,5
27,31,3
30,14,4
77,38,5
156,11,4
92,36,4
141,40,4
146,47,5
64,38,4
81,46,3
121,38,5
95,39,5
113,0,4
18,25,5
133,30,5
14,44,5
25,2,4
157,15,4
73,43,5
57,46,3
76,37,5
37,41,5
119,32,5
133,10,4
0,48,2
138,31,2
77,0,2
10,0,5
31,13,5
49,10,5
101,30,5
67,34,3
31,17,3
19,16,4
104,38,3
103,21,5
2,20,4
49,6,5
131,17,3
119,24,5
135,47,4
81,36,3
116,13,3
43,25,3
141,11,3
114,13,5
16,26,5
75,32,1
60,6,5
112,8,4
114,46,5
24,26,5
98,18,5
111,43,4
81,7,4
25,30,4
44,39,5
13,27,5
142,17,4
152,24,5
19,30,4
87,28,5
34,0,3
5,26,3
7,19,4
18,46,2
27,5,3
77,25,5
131,38,1
124,41,5
43,16,4
59,30,3
155,20,3
110,9,2
28,16,4
52,31,5
105,42,4
133,40,5
35,33,3
62,42,4
99,9,2
1,42,5
19,28,2
21,41,4
115,30,3
72,10,4
55,24,5
22,18,3
35,37,3
130,10,3
34,30,4
97,47,5
157,30,5
17,16,4
121,14,4
22,20,3
135,8,5
104,4,5
61,30,5
157,18,5
9,4,3
21,3,3
56,40,3
10,9,3
122,18,5
15,43,2
18,13,3
33,32,1
49,32,5
158,37,5
0,23,3
40,31,4
77,17,4
131,29,3
7,30,4
36,21,5
32,48,3
7,29,4
153,15,5
11,20,1
95,37,5
122,38,4
44,3,3
62,29,4
135,16,3
144,12,5
59,23,3
89,3,4
24,29,3
92,35,5
85,8,5
147,13,2
63,10,5
86,8,4
123,22,4
48,2,4
39,34,3
130,22,4
122,28,4
95,2,3
55,10,5
146,8,3
66,47,4
62,7,4
99,42,3
90,0,5
114,20,3
20,43,4
67,3,5
111,47,2
102,21,4
106,10,1
139,24,5
90,25,5
112,20,1
79,21,4
107,36,2
55,12,5
39,26,3
21,37,3
75,36,4
37,26,3
34,4,3
9,43,3
33,33,3
154,43,5
28,33,2
30,8,5
93,23,3
107,20,2
53,39,4
144,40,5
121,8,1
25,6,5
122,26,2
29,2,1
37,16,5
126,34,5
34,24,5
122,6,5
73,32,5
11,8,3
31,29,3
144,14,5
72,22,3
90,32,3
101,26,5
72,19,4
91,12,5
76,14,5
24,43,4
41,6,2
33,11,2
57,1,4
24,5,4
59,20,3
107,33,2
115,13,5
110,42,5
49,45,4
0,36,3
149,10,5
62,31,4
2,3,4
29,37,3
84,7,2
9,41,4
33,46,4
27,19,3
147,45,4
131,13,4
76,6,4
70,25,5
72,6,2
107,46,1
77,20,5
121,9,2
25,17,2
82,41,3
75,29,1
74,31,5
77,3,3
26,23,3
110,29,3
73,21,4
109,5,5
38,34,3
7,12,4
10,38,4
144,20,3
29,34,5
88,8,4
23,36,3
139,14,4
115,27,5
118,18,5
53,23,5
23,13,3
93,0,3
89,17,4
102,35,4
3,20,4
74,12,5
96,34,3
86,3,5
154,11,3
75,2,2
7,40,4
75,14,3
120,16,5
18,26,2
144,48,3
52,47,3
70,42,4
132,34,4
80,22,4
79,32,2
41,8,3
81,13,3
136,7,2
88,22,3
118,16,4
33,43,4
67,13,4
122,43,5
53,9,2
83,29,4
45,46,5
122,10,3
155,11,4
37,45,3
139,26,4
64,30,3
157,41,4
148,22,5
97,5,4
77,30,5
77,43,5
149,6,5
154,0,5
136,0,4
74,35,5
74,39,5
72,39,3
123,25,4
21,31,3
74,21,5
140,5,4
74,47,5
124,44,3
44,7,5
107,0,5
156,10,4
48,28,1
62,27,4
126,16,4
42,29,5
61,41,5
150,19,5
9,17,3
154,25,5
3,9,4
65,47,5
50,41,4
41,43,3
86,25,5
64,15,4
22,42,3
80,40,4
93,44,1
80,17,4
137,9,1
158,26,4
20,11,3
120,6,5
94,31,5
48,6,4
10,33,4
144,38,5
94,20,2
128,8,3
67,46,5
31,0,4
157,34,5
55,48,2
104,24,4
25,48,3
144,5,3
110,46,3
147,26,3
75,43,3
77,24,5
18,24,5
102,17,1
54,48,2
30,13,5
107,39,4
45,9,3
140,32,4
84,44,5
64,25,5
150,10,3
52,22,5
93,29,4
157,13,3
70,27,2
39,39,3
58,21,5
62,16,4
105,22,2
68,28,1
94,5,4
131,30,3
99,6,5
35,2,4
35,32,5
78,37,5
125,9,2
15,47,3
46,39,5
97,13,3
23,31,2
97,23,1
22,9,3
144,34,4
106,41,4
103,12,2
95,41,3
127,9,5
154,45,5
54,2,5
42,3,4
55,1,3
83,38,2
67,27,5
16,9,3
158,0,3
99,37,3
38,0,5
87,33,5
40,6,4
113,33,4
101,43,3
6,31,4
33,42,3
35,41,3
17,13,4
93,24,5
39,35,3
156,6,4
127,20,4
153,42,5
67,45,4
109,10,5
72,14,3
0,4,4
18,2,1
115,24,1
99,28,2
155,12,4
0,10,5
61,5,5
34,41,4
48,45,4
47,2,5
127,19,5
82,20,5
99,20,2
80,33,3
113,19,5
116,8,2
136,5,2
139,38,4
104,32,5
58,3,3
84,10,5
47,36,5
139,4,4
86,17,5
127,7,4
11,18,5
131,21,2
8,13,3
148,12,5
15,29,2
40,0,4
43,39,5
15,5,2
132,4,2
119,47,5
84,5,4
75,45,1
108,6,5
37,44,4
97,18,2
35,16,2
57,6,4
53,32,5
45,37,4
47,4,1
154,34,3
153,11,3
70,33,2
74,24,4
77,42,4
49,20,4
57,44,3
3,11,5
101,23,5
94,27,4
41,12,5
140,23,2
64,3,5
58,46,4
10,37,4
107,9,4
54,8,3
139,30,5
32,8,5
14,13,4
83,7,5
16,6,3
72,34,5
44,46,2
129,6,5
63,38,1
27,0,1
155,15,4
153,43,5
20,39,5
104,36,5
122,23,2
61,29,5
157,2,4
9,29,4
109,16,3
58,18,3
149,13,5
118,43,5
27,26,2
52,23,5
78,41,3
31,26,2
81,14,4
124,21,5
65,32,3
21,34,3
7,21,5
138,22,3
77,47,5
27,45,2
51,11,4
23,44,5
6,16,3
40,8,5
71,47,5
26,5,3
45,33,5
88,42,4
141,10,1
87,36,5
78,26,2
23,48,1
122,40,4
54,44,3
75,12,2
68,43,5
21,45,3
129,35,4
131,42,4
32,1,4
19,26,4
125,18,4
17,47,4
71,19,3
73,24,5
132,44,3
153,4,5
150,18,5
56,6,5
130,32,1
30,11,2
106,34,1
34,12,4
95,23,5
140,3,5
28,31,5
4,9,5
133,12,3
155,1,2
130,43,4
63,25,5
144,46,5
134,28,5
117,9,3
31,37,4
89,34,3
79,4,4
61,27,5
13,9,1
95,5,4
76,30,3
86,40,5
79,39,5
49,24,5
87,47,5
70,46,1
63,40,4
97,17,2
155,31,4
5,40,4
136,34,2
51,4,3
51,14,4
77,31,5
8,21,5
3,28,4
112,31,3
129,4,5
10,24,5
79,25,5
100,7,4
7,46,5
44,27,5
55,29,3
43,15,4
154,40,4
92,13,1
96,36,3
51,39,5
49,48,4
133,38,3
132,3,5
51,5,5
16,48,4
123,5,4
74,2,5
25,16,4
4,10,5
108,40,5
75,48,1
30,17,4
37,27,4
15,39,1
38,48,5
56,7,1
97,33,2
137,23,3
6,6,4
126,9,3
51,34,3
27,42,2
158,6,5
31,35,2
88,7,3
28,32,5
115,9,3
133,11,5
148,9,4
4,8,4
146,7,5
23,24,5
25,14,3
131,25,4
92,48,4
128,45,3
37,13,4
59,17,3
93,37,2
65,37,3
41,41,5
58,4,3
38,22,4
12,14,5
120,33,5
144,17,5
110,44,5
12,36,5
75,8,3
123,11,4
134,25,5
44,18,4
41,22,3
42,20,4
47,30,5
61,37,5
154,3,3
105,0,4
67,12,5
155,34,3
66,18,4
132,29,5
23,19,3
139,35,5
145,34,3
98,28,1
106,31,4
60,3,3
114,38,3
141,27,3
132,31,5
133,14,3
142,23,3
25,32,1
143,6,5
96,3,4
67,48,2
99,47,4
151,18,5
133,13,5
59,28,1
33,28,3
9,14,2
59,19,3
126,23,5
92,28,3
42,41,5
145,7,3
152,37,4
65,9,5
29,31,3
111,25,5
12,42,4
129,29,3
129,22,5
156,23,4
109,43,5
134,38,4
49,44,3
52,15,5
107,11,4
44,11,5
112,5,5
90,14,3
36,14,3
21,40,2
129,10,5
123,13,4
40,27,4
136,13,3
74,25,5
0,31,2
6,32,4
19,43,4
62,13,2
27,11,3
6,26,3
94,37,3
120,14,5
104,41,5
128,3,3
36,17,3
64,26,3
90,13,4
75,5,5
100,20,3
8,44,2
43,23,4
32,29,2
131,14,1
97,41,2
36,24,5
149,5,5
143,47,4
30,25,5
26,18,3
94,14,3
82,5,3
89,16,5
68,8,3
78,15,5
73,31,4
6,22,5
75,4,2
58,19,3
98,40,4
114,7,5
15,8,4
69,13,3
98,30,5
59,32,3
78,47,1
97,39,4
157,37,2
0,7,4
145,47,4
119,3,5
91,20,3
86,33,4
156,19,3
44,21,4
102,14,4
149,41,4
112,10,5
99,34,2
3,27,4
35,9,4
114,22,5
79,0,1
147,9,4
70,16,1
17,21,5
59,15,3
30,39,4
147,27,4
150,13,3
22,14,3
14,27,3
151,6,5
97,44,4
45,43,5
53,45,5
118,39,5
71,39,4
133,24,4
65,36,2
89,15,5
22,12,4
12,34,5
102,29,5
26,15,3
85,29,4
42,31,4
152,46,4
15,6,3
64,16,2
63,23,2
96,9,1
152,42,2
36,25,5
111,1,4
123,17,3
119,43,5
102,3,2
71,32,3
103,42,4
15,46,5
47,48,3
149,31,2
55,43,5
100,12,3
66,43,4
8,48,3
128,29,4
155,35,3
67,36,3
30,29,3
2,44,3
66,15,2
13,5,5
8,25,2
99,44,5
81,29,4
127,26,4
95,26,5
70,6,5
39,13,4
46,16,4
56,13,3
22,37,3
44,10,5
29,35,3
98,20,3
70,48,3
76,43,3
131,22,4
109,45,4
17,28,1
152,32,5
58,15,4
30,43,4
32,35,5
97,14,1
100,48,5
22,43,5
53,10,2
145,6,5
67,10,3
87,27,5
113,34,3
91,26,5
154,6,5
17,46,3
158,8,5
59,25,3
135,3,3
122,29,5
16,14,4
72,27,5
149,20,2
106,11,4
71,15,5
104,21,5
8,3,3
5,3,5
109,32,2
106,22,1
115,1,3
86,44,5
155,47,2
92,22,5
131,39,5
11,37,5
90,15,5
14,15,4
149,35,4
147,43,5
45,8,5
97,31,4
7,20,4
53,27,5
110,36,3
11,0,5
2,8,4
30,23,4
17,10,5
131,47,4
95,38,4
111,38,4
12,30,5
73,48,5
17,20,3
96,2,3
140,1,3
19,42,2
5,0,5
53,0,5
125,26,3
135,37,3
70,11,5
133,42,1
140,20,2
10,43,5
68,40,5
1,34,3
35,18,4
33,18,4
135,1,3
68,17,2
73,47,4
111,41,2
74,29,4
106,23,1
136,10,2
113,27,4
99,14,3
30,38,2
57,18,4
96,17,3
109,39,5
57,33,3
55,9,4
98,31,5
81,45,1
121,22,5
29,43,5
109,11,3
15,37,1
97,21,5
156,12,4
86,35,4
82,38,2
134,5,5
129,0,5
130,16,4
75,38,1
26,13,3
3,23,4
3,13,4
31,2,2
130,30,4
88,6,4
57,9,3
1,33,1
42,46,5
20,22,4
9,2,4
61,3,5
23,38,3
66,13,5
107,21,4
61,47,5
80,34,3
116,46,4
117,1,2
68,20,3
143,4,2
118,40,4
1,48,2
1,11,5
125,16,3
82,2,3
45,1,2
115,41,5
73,7,5
79,5,5
6,44,5
54,42,2
0,15,3
102,24,4
23,4,5
122,35,4
105,15,4
84,45,5
99,35,3
79,27,3
82,31,2
32,43,5
150,9,5
67,42,5
87,44,4
57,38,2
25,20,5
93,22,3
43,11,4
2,10,4
43,38,4
40,47,4
120,32,5
150,3,5
45,32,5
82,28,3
94,6,5
113,35,5
16,3,5
13,30,5
117,31,5
7,33,4
74,34,2
146,32,3
155,33,3
26,37,3
76,16,3
90,2,4
112,14,3
152,15,4
4,2,3
28,34,3
110,19,4
40,32,4
106,8,5
22,45,3
36,31,3
23,26,3
73,20,5
68,7,5
22,8,3
71,41,4
55,5,5
137,29,3
20,30,5
36,39,5
56,10,3
78,14,4
40,10,4
59,48,5
89,31,2
137,36,2
8,24,3
148,45,4
95,18,3
35,43,5
8,12,3
131,4,3
39,48,3
112,32,3
2,40,3
155,19,3
57,42,3
43,20,4
31,46,3
121,26,3
36,10,3
157,33,4
92,1,5
60,26,3
21,18,3
104,30,5
3,38,2
74,43,5
40,9,2
150,31,5
8,41,4
86,39,5
101,46,5
29,25,4
94,42,4
111,20,4
60,45,4
45,28,1
29,47,3
69,41,4
148,28,3
83,30,5
49,12,5
65,44,5
8,18,3
116,44,3
41,10,2
39,10,2
121,25,4
55,4,4
142,37,4
4,29,4
98,15,5
64,36,3
73,25,4
52,4,3
44,4,5
75,30,2
139,3,5
13,42,1
7,25,4
102,40,5
106,21,3
74,9,4
16,20,5
55,39,5
86,30,4
148,42,4
55,11,3
28,21,3
126,13,5
9,5,4
118,12,5
20,8,3
37,42,5
143,19,5
99,12,4
142,33,5
36,7,3
72,47,2
127,40,5
88,35,4
136,29,3
15,17,1
53,21,5
25,29,4
71,2,4
115,34,4
38,4,5
41,27,5
74,17,4
42,0,5
63,39,5
126,38,4
96,25,3
36,46,5
143,1,5
105,6,5
90,18,3
103,48,4
66,3,4
64,45,3
124,26,4
44,6,5
157,20,4
126,2,5
17,26,3
153,35,5
100,14,5
118,31,5
90,31,5
94,43,4
100,5,5
106,1,1
49,18,4
23,40,4
43,30,2
156,8,4
15,19,4
60,41,4
24,46,4
74,4,5
74,14,3
52,14,5
3,2,5
34,18,3
138,34,2
133,26,2
79,1,3
87,9,4
144,25,5
60,40,2
140,2,4
158,48,4
96,7,2
119,29,5
110,0,5
87,1,5
104,23,3
31,32,4
112,1,2
32,34,4
115,35,4
158,29,5
105,30,4
11,26,4
98,39,5
0,39,5
80,44,2
113,47,4
146,0,5
95,20,2
119,2,5
39,14,3
97,9,2
138,21,5
109,19,2
98,38,3
87,35,5
139,13,5
42,11,5
113,29,5
46,45,3
114,5,5
69,15,4
140,7,3
155,16,5
92,6,5
80,5,3
76,31,5
116,5,3
43,14,4
88,5,4
91,28,2
93,14,2
73,22,3
93,20,3
63,21,5
76,33,5
73,3,5
24,20,4
47,22,4
122,25,5
39,28,3
47,1,3
108,36,5
12,37,5
29,5,5
58,22,3
23,37,2
132,24,4
108,47,5
46,35,5
155,30,4
6,21,3
52,29,5
153,27,5
37,6,3
116,30,4
134,35,5
100,0,4
88,28,2
99,4,4
39,43,3
84,3,4
2,30,3
16,15,5
51,29,5
80,7,5
131,41,4
149,24,4
119,16,5
101,36,5
44,16,4
40,46,4
95,15,5
152,28,3
84,4,3
130,13,4
68,6,4
148,18,5
17,44,5
100,40,4
97,10,3
24,42,3
6,4,4
83,6,4
50,21,5
19,15,4
143,37,3
26,17,3
114,27,4
55,3,3
82,8,3
101,33,3
150,21,4
97,45,4
29,33,5
86,32,4
94,30,3
6,25,3
18,17,1
113,10,4
90,34,3
51,41,5
62,45,3
47,9,4
64,28,4
39,47,3
97,40,3
88,12,5
17,7,4
62,23,3
130,27,4
23,15,3
98,17,4
151,36,2
30,22,3
138,2,2
93,28,1
119,42,5
66,20,1
29,12,4
26,45,3
93,10,4
34,22,3
119,11,5
42,35,4
26,42,3
152,9,3
66,22,4
133,41,5
63,26,3
138,42,2
115,46,1
58,30,3
12,39,5
11,28,3
116,14,2
108,43,5
95,45,3
117,33,1
23,11,5
122,15,4
30,40,4
90,16,4
151,8,4
77,6,4
121,45,1
132,10,3
139,29,5
109,13,5
29,28,3
79,29,3
88,37,5
4,47,5
124,9,4
55,17,5
16,7,5
142,42,5
81,8,1
118,8,5
55,2,3
112,41,4
70,13,3
116,36,2
103,3,4
127,46,5
121,15,3
132,20,3
82,10,4
51,3,4
80,23,4
3,1,4
111,7,4
13,11,3
90,30,5
15,23,3
134,24,5
142,19,3
106,19,4
51,19,3
39,27,3
32,9,4
33,22,3
158,24,5
68,24,4
54,20,3
27,2,2
35,38,3
46,12,3
40,43,3
45,17,4
116,41,4
127,2,4
42,1,4
20,31,4
28,48,5
151,4,5
7,2,4
60,48,1
91,25,5
141,38,2
16,43,5
107,5,3
17,31,4
154,10,3
149,0,3
14,12,4
157,25,4
32,28,3
88,2,5
92,4,3
117,44,2
99,3,4
158,39,5
120,30,5
68,36,3
154,27,4
70,28,4
125,3,4
77,8,4
126,24,5
50,27,4
95,24,5
6,39,3
24,45,5
139,36,4
145,38,3
9,1,3
132,46,4
60,30,4
14,6,4
25,13,4
118,34,5
46,29,4
32,36,4
95,42,5
51,10,5
50,4,5
158,25,2
100,39,5
91,16,5
146,33,4
53,35,5
128,48,2
34,5,5
118,32,3
21,14,1
118,26,5
111,8,3
141,41,5
35,0,4
70,32,3
83,18,3
22,28,3
138,28,2
128,4,4
57,13,3
20,23,5
58,12,3
47,47,3
157,3,5
151,43,5
28,8,4
125,35,4
52,9,3
121,7,4
84,47,4
93,45,4
65,17,4
42,21,5
98,7,5
35,36,4
78,38,3
77,26,3
125,33,3
17,14,2
28,12,3
132,35,4
131,43,4
39,38,2
75,44,2
105,48,3
103,43,4
63,42,3
22,17,4
92,33,5
114,21,3
70,23,3
137,13,2
128,15,3
145,30,3
29,0,4
2,43,4
81,31,3
148,7,4
38,32,5
151,40,3
127,37,5
19,20,3
130,29,3
16,33,3
112,6,3
70,18,5
19,4,2
42,27,5
2,27,4
6,3,5
88,43,3
85,10,5
4,44,5
81,33,3
114,8,3
16,19,5
154,24,5
140,40,5
139,28,4
70,9,1
77,46,5
89,42,5
22,4,3
53,6,5
89,23,1
143,35,5
85,19,4
54,17,2
13,29,5
48,41,4
52,35,5
125,38,4
145,33,5
99,32,4
31,20,2
116,11,3
106,3,3
37,2,3
24,31,4
11,9,3
71,8,5
55,33,5
12,1,5
83,32,1
69,23,3
111,16,3
6,13,5
11,29,1
88,31,3
128,40,4
78,1,4
121,39,5
120,23,5
47,43,4
135,35,4
98,9,3
46,6,5
59,31,3
128,7,3
129,31,4
73,38,3
106,6,3
145,29,2
39,25,3
140,33,3
77,10,3
145,18,3
25,7,3
48,9,4
56,4,4
100,27,4
2,26,3
7,38,3
34,36,5
101,27,5
98,0,5
39,24,3
5,11,1
98,37,4
121,35,3
26,36,3
22,33,3
5,9,3
98,22,5
15,2,4
131,10,3
56,27,4
88,24,3
54,3,3
51,37,5
96,39,3
125,13,2
128,20,3
31,31,2
69,48,5
98,11,4
86,16,4
53,37,5
12,5,5
100,36,5
148,25,4
109,2,2
44,22,5
42,8,4
131,8,2
26,43,3
33,24,4
14,9,5
68,19,5
25,23,3
49,22,5
63,15,2
102,0,4
111,27,3
17,38,3
145,8,4
79,10,5
107,48,3
39,20,3
68,13,4
46,21,5
130,7,4
1,18,1
117,22,5
4,4,4
79,15,3
128,31,4
78,4,3
90,37,4
134,37,4
84,37,5
115,2,5
108,42,4
23,47,3
61,7,5
100,28,4
131,15,3
60,7,4
12,35,4
80,15,3
100,41,4
0,33,3
61,10,5
11,14,5
52,41,5
29,39,4
97,32,4
100,17,4
34,7,4
4,36,5
121,20,4
0,20,1
104,18,3
42,16,5
12,26,5
140,28,5
5,5,5
145,24,5
56,18,4
25,43,3
158,16,3
147,6,4
154,32,5
53,28,4
103,7,5
110,28,3
64,41,3
90,19,4
135,20,4
33,16,4
22,2,3
119,38,5
95,1,3
9,9,3
16,22,5
136,24,5
8,20,5
145,3,5
98,23,5
117,42,2
143,0,5
137,44,1
20,2,3
77,2,5
37,3,5
51,16,5
6,9,2
101,24,5
10,41,4
149,44,5
9,8,2
49,31,5
135,2,3
36,22,5
27,37,2
64,4,3
146,22,4
58,33,3
153,28,5
36,40,5
118,2,3
65,2,3
157,12,2
95,32,5
59,42,3
85,17,4
27,21,3
126,0,5
104,48,3
118,20,4
17,6,5
123,32,5
65,25,4
107,25,5
132,19,5
42,7,5
130,38,3
65,43,3
24,28,2
135,23,4
98,47,5
129,24,5
49,5,4
34,19,3
65,4,2
99,26,4
74,19,3
124,8,5
115,20,5
156,41,2
47,21,1
46,44,2
11,10,4
59,22,3
19,48,1
52,48,3
19,46,4
113,41,3
150,46,2
109,38,5
95,34,3
28,19,5
36,37,5
98,41,4
91,32,3
86,13,3
34,40,3
122,17,4
31,24,4
51,25,1
151,7,5
147,36,4
82,37,3
119,4,5
115,3,3
2,5,2
110,23,3
61,19,5
33,36,4
142,20,5
46,23,2
79,2,4
18,14,3
133,21,4
46,14,3
139,20,4
105,38,3
41,5,3
52,17,5
138,3,3
81,18,5
77,19,4
124,43,1
132,8,4
157,38,2
68,1,5
97,3,5
149,22,5
112,30,4
124,17,4
45,21,5
24,34,2
138,35,2
110,47,3
100,32,5
148,4,5
16,45,3
139,15,4
118,30,5
156,5,5
94,25,5
116,2,3
158,35,3
52,24,5
126,10,4
103,9,3
65,22,3
61,15,5
129,30,5
108,30,3
132,41,4
107,28,5
96,24,2
37,33,1
73,5,4
2,23,4
89,32,5
141,34,2
47,19,5
89,47,1
88,46,5
104,8,4
117,21,1
51,44,5
59,41,3
6,48,3
52,20,3
101,22,5
73,45,2
136,26,1
100,4,3
95,46,3
59,37,4
118,24,5
145,48,4
65,48,5
143,36,3
35,47,5
91,23,5
24,25,4
142,5,4
56,37,4
47,26,5
77,4,4
67,37,4
156,24,4
65,19,5
114,18,5
48,46,4
105,35,5
8,31,2
146,2,5
71,13,5
22,25,5
75,31,4
25,39,5
50,29,4
77,12,5
112,18,2
83,11,5
42,17,5
18,37,5
151,3,5
75,47,3
2,31,4
81,25,3
129,9,4
158,33,3
45,10,5
91,19,4
41,36,3
28,9,2
3,37,5
125,44,3
53,18,5
72,3,3
83,15,4
23,5,3
102,18,4
80,21,5
41,23,3
144,18,4
103,40,5
41,44,5
108,15,4
158,46,3
147,8,4
4,19,4
126,17,5
72,11,5
114,47,3
98,24,5
112,24,4
39,17,4
87,18,5
115,32,5
118,44,5
107,3,4
57,48,3
89,39,5
86,15,4
23,1,4
42,24,5
113,26,1
1,10,1
123,9,4
38,26,4
47,44,3
141,23,4
136,40,5
125,48,3
24,23,4
13,25,5
16,31,5
135,4,4
135,46,4
140,37,3
95,25,5
126,43,5
158,45,5
84,24,5
14,35,5
140,43,5
50,11,5
141,29,2
87,16,5
0,30,3
146,48,5
76,13,5
106,25,4
143,32,5
2,18,4
50,16,4
30,33,5
6,47,4
105,14,5
50,38,2
57,11,2
33,26,4
117,3,2
135,44,4
149,42,5
18,38,4
102,39,3
104,1,4
18,8,5
105,13,4
149,48,1
81,43,2
38,38,4
139,19,5
67,41,4
109,3,4
115,23,5
104,28,5
142,15,4
111,14,3
85,32,5
117,19,5
0,19,4
12,47,5
44,17,5
120,24,5
153,38,5
33,37,4
18,6,5
85,40,5
105,26,4
18,40,5
35,1,4
84,36,5
149,21,5
146,19,1
143,45,3
89,46,4
91,9,5
13,18,3
85,45,4
21,25,5
110,40,3
7,35,4
100,29,2
71,30,1
25,5,2
123,37,4
31,19,4
1,9,1
15,24,1
52,38,5
134,17,5
35,34,3
128,43,4
56,32,4
131,20,3
80,46,3
63,20,5
101,8,5
39,1,3
41,35,3
82,43,5
5,1,2
110,7,4
83,34,3
42,15,5
136,19,2
74,18,5
117,4,3
142,10,5
110,45,3
56,43,5
107,35,5
100,33,5
155,37,4
72,42,2
69,42,3
112,35,2
140,12,4
8,22,3
61,22,5
132,38,4
45,3,3
71,46,5
141,43,4
27,28,3
26,41,3
40,44,4
56,41,2
68,29,5
142,25,5
54,26,3
124,24,5
36,27,3
135,14,3
139,6,5
44,38,3
72,18,4
142,27,5
115,47,5
91,17,5
124,36,5
30,15,4
48,0,5
13,36,5
124,3,4
13,16,5
106,16,2
44,20,5
130,5,3
105,36,5
11,22,5
5,17,5
53,34,5
144,32,5
45,42,5
117,23,5
120,36,5
72,26,2
56,47,1
138,18,2
157,36,4
34,42,4
17,23,4
55,19,4
54,16,5
48,29,5
4,23,5
46,13,4
145,31,4
79,34,2
138,24,2
64,10,4
42,38,3
124,25,4
1,32,5
59,29,4
10,39,4
75,17,3
38,24,5
150,29,5
113,46,5
77,21,5
51,24,5
151,0,5
61,40,4
38,6,5
75,41,2
72,24,4
47,41,5
13,4,3
66,40,3
27,8,3
72,40,4
158,30,5
132,48,3
44,48,2
33,9,3
9,30,3
7,7,4
11,35,2
33,4,5
49,11,5
110,35,3
35,20,3
131,6,5
85,6,5
3,4,4
64,6,4
111,36,4
158,47,5
46,11,2
126,45,5
60,21,5
93,33,3
101,0,5
158,3,4
27,32,3
147,31,4
83,8,5
1,24,3
154,44,5
114,33,4
123,39,5
85,24,5
149,40,4
145,4,5
73,19,5
35,23,4
3,48,3
82,4,5
62,44,4
6,46,4
98,14,5
80,42,3
39,16,3
153,26,5
55,13,4
60,4,2
85,0,5
9,15,3
104,10,4
100,46,3
147,4,2
6,27,5
1,45,2
121,1,3
78,6,5
30,32,5
54,24,5
58,34,3
85,26,3
152,43,5
16,34,3
70,43,5
103,22,4
29,42,3
58,36,4
134,9,5
106,7,1
82,3,5
136,46,2
135,41,3
101,9,4
47,27,5
115,43,2
117,36,5
73,23,4
40,11,3
26,40,3
116,9,3
129,25,5
4,26,5
74,7,4
46,24,5
5,18,5
6,41,5
20,34,4
34,46,4
19,24,4
18,27,3
139,1,5
71,14,4
127,18,5
71,45,3
99,21,5
9,19,4
101,45,5
52,46,3
125,1,3
114,25,4
89,28,1
119,8,5
115,25,1
55,32,5
30,37,4
71,10,3
108,4,5
28,4,5
105,11,3
44,41,5
93,7,3
113,2,2
71,1,3
85,48,3
95,14,4
101,17,5
115,37,4
123,44,4
101,6,5
88,18,3
91,11,5
116,26,1
106,24,3
29,7,4
146,13,5
33,27,4
150,48,4
101,19,4
61,35,5
45,5,5
146,38,4
147,44,2
50,32,5
91,42,5
120,10,5
14,22,4
121,30,3
7,48,4
88,32,4
48,30,4
56,14,4
144,3,4
99,24,4
110,6,4
56,24,3
78,16,3
74,44,5
125,5,4
132,33,4
80,19,5
109,1,1
40,15,3
35,10,2
63,1,4
77,32,4
149,16,2
83,43,3
70,37,1
88,1,3
46,0,5
98,8,5
135,22,4
154,20,5
45,39,5
69,5,5
157,29,2
113,42,3
84,41,4
115,5,1
140,0,3
104,15,3
30,2,4
23,2,5
130,23,4
94,32,4
152,3,3
3,7,4
52,43,5
64,12,5
126,30,5
40,25,5
28,22,5
100,45,3
53,36,5
84,35,5
36,1,2
85,12,5
66,27,5
65,46,2
37,1,4
75,39,5
17,8,3
50,8,1
36,15,4
116,39,3
10,16,4
90,9,5
145,44,3
123,4,3
58,41,3
69,10,5
11,7,2
25,21,5
104,12,5
47,20,5
101,25,3
117,46,2
81,0,3
33,41,3
118,38,5
60,36,4
33,0,4
17,25,5
28,38,4
44,14,4
150,2,3
47,37,3
6,40,3
120,41,5
96,45,3
12,27,5
69,0,4
129,5,5
108,23,1
48,21,4
130,31,4
99,22,2
10,31,4
99,17,2
120,48,5
13,43,5
72,0,2
78,5,3
103,45,4
14,39,5
97,19,4
9,25,3
124,7,4
40,48,3
13,23,1
102,12,4
37,15,4
13,40,3
127,1,4
66,32,5
14,4,5
4,38,4
59,9,3
88,9,5
60,42,4
18,30,3
35,44,5
63,9,2
82,22,4
117,7,5
36,2,3
69,21,3
24,4,2
116,32,2
127,48,5
89,35,3
153,36,5
18,28,1
105,8,3
126,22,5
61,12,5
127,41,5
24,32,1
29,19,3
128,12,5
19,0,4
126,48,5
53,38,2
59,26,3
50,40,4
53,3,5
117,35,5
127,21,5
85,38,3
141,16,4
149,47,3
109,35,2
118,14,5
77,36,4
44,34,3
33,3,3
96,47,1
60,1,2
113,11,3
27,10,3
143,16,5
22,26,3
86,24,5
144,0,3
17,43,4
124,13,4
69,9,3
150,26,5
148,3,4
81,32,2
71,26,2
5,34,4
121,31,5
37,4,4
85,1,4
133,47,2
112,19,3
19,34,4
72,45,4
81,47,4
120,4,3
48,44,4
132,27,3
42,32,5
31,10,5
19,41,4
8,7,3
73,11,3
0,1,3
104,33,4
99,30,3
71,22,2
48,16,4
12,0,5
93,41,3
12,44,4
136,35,5
9,3,4
40,13,4
25,40,5
1,38,4
148,46,3
99,16,5
83,21,4
102,13,4
132,12,3
114,41,4
152,45,3
92,2,5
28,17,5
38,12,5
134,48,5
54,46,4
86,10,4
149,11,4
47,32,1
10,44,4
152,29,3
30,31,4
105,1,5
78,43,3
111,2,3
103,47,5
1,1,1
103,14,2
133,39,5
54,29,3
80,36,3
124,27,5
128,25,4
119,34,5
9,16,4
124,46,3
24,39,4
82,17,3
153,2,5
78,23,4
134,22,5
127,30,5
107,32,5
86,27,4
137,8,2
92,26,3
14,25,3
59,12,5
151,29,5
2,22,4
46,34,3
37,28,4
40,2,3
114,2,4
99,31,4
54,12,5
90,47,3
115,8,4
154,41,3
101,20,5
35,13,3
95,19,4
65,1,2
156,16,4
5,30,5
124,35,5
107,7,5
35,30,5
44,9,3
110,32,5
9,12,4
100,19,5
85,15,4
13,48,1
21,11,2
46,41,5
107,41,5
53,13,5
40,23,2
26,34,3
37,40,4
102,8,2
3,19,2
22,11,2
57,23,3
100,13,4
134,21,5
31,14,2
23,10,3
138,16,3
121,0,4
87,5,5
33,47,3
6,17,5
64,14,4
110,34,3
74,8,5
102,46,4
138,37,3
75,9,4
124,6,3
84,27,4
4,32,4
102,31,4
115,11,5
48,35,5
34,13,4
5,33,5
146,16,5
18,7,2
140,21,4
38,35,5
13,32,5
90,24,4
84,1,3
45,34,2
53,7,3
35,24,5
46,10,5
138,0,2
33,13,3
150,34,3
80,6,5
38,29,4
109,31,1
77,33,3
122,9,3
121,41,5
125,36,4
42,14,5
65,26,2
125,42,3
5,46,5
153,48,5
29,26,4
48,23,4
94,29,4
6,37,3
108,19,5
2,13,3
139,10,4
119,1,5
143,18,5
94,1,5
16,8,3
100,34,4
148,38,4
78,32,5
32,3,5
11,42,4
119,25,5
4,18,4
121,21,4
61,43,4
155,22,4
134,2,5
56,0,4
145,42,4
67,19,4
47,3,5
102,27,5
41,18,3
31,47,3
4,35,5
122,41,5
76,3,5
105,23,4
108,5,3
73,46,3
46,27,5
155,8,4
158,18,5
13,44,5
108,14,4
154,37,5
126,3,5
116,35,4
15,48,1
79,38,3
65,33,4
107,34,3
58,35,4
105,17,4
36,8,5
155,42,3
86,31,3
116,22,2
146,23,5
110,39,5
147,20,5
39,41,3
104,37,3
12,16,5
86,26,4
26,6,3
74,0,5
145,25,5
51,31,5
123,14,3
25,9,2
50,43,4
121,17,4
71,18,4
139,47,5
158,9,4
97,43,4
22,7,5
53,47,3
38,19,5
21,23,3
57,4,4
5,16,5
29,6,5
158,44,5
99,43,4
111,45,3
17,1,4
53,29,5
153,24,5
28,35,4
114,16,5
148,1,2
49,0,5
99,11,3
78,22,5
40,42,3
129,12,4
78,13,5
6,30,3
13,24,5
38,42,5
92,19,5
44,8,4
6,2,5
152,48,5
23,20,5
38,37,5
139,43,5
70,8,5
26,12,3
96,13,4
32,39,4
60,38,5
15,10,3
94,4,2
72,13,3
156,1,2
2,2,2
64,34,5
114,36,5
136,30,3
88,25,5
14,29,3
63,30,5
45,11,3
140,11,3
148,23,4
3,25,3
117,11,3
67,38,3
3,26,3
46,26,3
76,32,3
21,19,2
82,1,5
49,39,5
40,26,2
41,47,3
53,41,5
2,48,5
3,21,4
125,15,4
20,19,3
30,20,4
108,44,4
151,30,5
61,16,5
118,3,5
111,6,4
84,14,3
128,18,3
58,17,3
83,41,5
73,28,5
100,23,3
32,20,4
66,34,5
18,29,1
65,11,3
5,6,5
1,3,2
20,13,4
122,19,3
154,19,4
130,17,4
71,17,3
116,31,3
12,29,5
80,14,2
75,27,2
62,38,2
133,37,5
17,48,3
146,29,5
42,30,5
81,15,3
41,4,5
147,12,5
99,48,3
37,5,3
73,37,3
60,34,5
67,44,4
10,18,4
5,28,2
102,16,4
32,16,4
29,3,5
112,22,4
54,34,3
111,23,2
45,0,5
70,24,5
131,19,4
71,27,4
42,18,5
148,11,2
79,33,4
157,45,4
27,48,1
7,26,4
39,11,3
18,19,1
50,3,2
150,35,5
85,37,5
102,1,4
105,47,4
107,47,4
37,32,3
101,11,3
81,37,4
15,22,1
121,43,5
128,13,4
125,34,4
138,27,2
78,2,5
152,13,5
55,16,3
113,6,5
69,12,4
107,45,1
150,12,5
74,11,5
148,36,4
83,13,5
140,6,4
17,3,5
110,1,3
136,21,5
5,2,2
114,15,5
117,29,5
96,41,4
90,46,4
148,26,5
119,39,5
100,1,5
103,31,3
16,4,5
78,27,5
114,31,4
50,31,2
49,27,4
41,15,3
42,44,4
102,37,3
147,42,4
102,45,1
8,36,4
106,5,2
110,38,1
143,12,4
25,0,4
104,35,5
27,35,2
129,17,5
66,29,3
79,36,3
38,10,5
144,43,5
23,43,4
29,32,3
87,46,3
73,0,5
81,11,2
87,15,5
121,5,3
8,40,5
84,13,4
106,35,1
119,13,5
49,7,5
145,26,5
77,22,5
32,47,4
47,31,5
137,30,2
131,12,4
132,28,3
119,12,5
13,35,3
9,28,2
158,4,3
51,28,1
65,14,2
85,21,5
25,18,5
0,5,5
10,4,4
136,18,5
40,17,2
151,42,1
13,3,5
50,47,5
55,34,3
137,11,1
120,22,5
16,11,5
31,33,4
102,30,4
140,16,2
27,3,2
110,13,2
90,8,3
97,42,2
72,30,5
30,10,4
120,28,5
28,44,5
70,3,4
12,6,5
50,9,3
52,1,5
103,23,1
147,19,4
147,11,4
98,46,5
38,18,5
12,45,5
103,32,5
112,42,4
16,38,3
112,2,1
121,37,3
133,15,4
154,23,5
131,16,3
19,25,1
145,5,5
12,33,5
43,7,4
120,39,5
5,32,5
101,18,5
94,39,4
87,13,5
123,47,3
20,4,4
89,1,1
86,47,5
82,46,3
50,15,2
100,44,4
121,34,1
151,22,5
134,46,4
97,29,2
158,36,2
55,15,5
29,21,5
94,16,4
55,46,5
141,32,2
26,16,3
148,2,5
95,30,5
107,40,3
140,45,3
115,17,1
147,35,4
20,40,3
142,46,4
28,2,5
4,27,3
78,12,5
61,42,5
56,19,4
122,2,4
94,18,5
10,26,4
73,17,4
87,4,5
103,11,5
48,20,3
148,43,5
92,5,4
26,2,3
157,40,5
84,0,1
149,45,5
142,45,5
122,8,4
77,14,2
79,9,2
151,37,3
127,16,4
118,37,5
36,35,4
69,8,3
60,22,5
151,16,4
133,32,5
58,47,3
133,34,4
76,39,1
16,32,5
8,0,2
113,3,3
92,11,4
24,47,3
34,32,3
102,10,4
45,4,5
145,32,5
62,2,4
96,42,1
151,19,2
153,21,5
84,21,4
140,35,3
101,16,3
124,5,5
42,36,5
157,44,2
93,18,3
137,28,1
62,43,4
68,23,3
128,27,5
147,28,1
135,34,5
151,47,4
78,48,1
80,16,4
8,14,3
3,14,4
61,23,5
150,25,3
13,33,3
112,15,4
131,1,3
69,39,5
50,2,5
95,0,4
7,32,5
144,42,3
155,18,4
85,43,5
126,46,5
37,14,4
111,21,5
11,21,5
143,11,3
113,48,4
0,0,4
120,34,5
145,28,2
103,39,2
66,33,4
15,11,4
11,12,5
24,6,4
92,46,5
112,16,4
158,38,4
22,48,3
87,31,5
113,4,4
133,6,3
110,12,5
117,28,1
78,39,5
49,9,3
100,42,3
138,32,5
143,14,4
99,41,3
68,34,3
111,37,5
10,23,4
74,27,4
148,21,4
148,0,2
3,47,1
152,23,4
27,24,3
32,41,3
75,46,3
152,40,3
133,23,5
136,12,2
80,13,5
98,44,5
50,33,2
112,27,3
100,9,4
135,5,5
117,32,1
116,18,4
104,19,5
27,38,1
144,22,5
124,10,4
111,17,4
27,43,2
20,9,3
21,33,3
118,42,5
148,44,5
83,35,5
137,16,3
52,12,5
129,13,5
108,16,5
1,6,5
11,31,5
120,13,5
122,16,4
106,12,5
49,4,5
40,21,5
131,35,3
52,11,5
5,36,5
91,46,4
10,28,4
84,11,5
44,30,4
99,0,5
41,20,5
65,40,3
144,1,3
54,4,5
85,44,4
58,10,3
59,44,4
49,25,5
7,13,4
105,34,4
29,8,4
89,14,1
154,18,5
92,16,5
27,13,4
114,12,5
6,8,3
65,21,4
97,22,4
86,4,5
31,42,4
21,10,4
1,2,2
134,14,5
43,36,4
85,35,5
31,6,5
102,47,4
77,11,5
25,34,4
135,10,5
76,7,4
92,43,5
107,23,2
52,19,3
107,24,3
17,30,4
91,3,5
157,19,4
153,37,5
125,46,4
62,48,4
85,5,5
49,3,5
111,44,2
99,2,4
139,23,2
135,11,5
74,42,5
128,17,4
30,9,4
53,15,5
33,7,3
151,46,4
70,41,3
46,25,5
71,25,5
112,43,3
0,18,3
157,28,3
66,1,2
101,2,4
92,45,4
19,35,4
38,13,4
146,30,4
98,1,5
82,12,2
8,28,3
93,48,1
28,46,3
140,27,3
59,1,3
41,9,1
138,6,2
33,30,3
112,3,2
63,33,5
138,10,2
14,33,3
118,22,5
51,17,5
25,1,3
8,39,3
83,22,5
113,7,3
128,41,2
51,21,2
28,6,5
50,39,4
111,29,4
143,25,4
121,33,4
67,47,4
43,10,3
64,1,4
20,7,4
35,12,5
110,16,3
53,1,5
80,37,3
101,31,4
87,14,3
58,8,3
157,27,4
81,22,3
126,26,5
137,5,2
117,47,2
107,17,2
4,3,5
73,41,5
52,25,5
43,33,3
61,0,4
128,44,4
45,29,4
40,3,3
134,19,4
8,1,3
58,48,2
146,39,5
63,13,5
128,23,3
35,28,3
31,27,3
102,2,4
90,39,5
6,36,3
23,0,5
24,7,4
158,15,4
151,27,4
42,26,4
151,33,3
146,36,5
62,6,4
39,8,4
90,10,4
91,30,5
125,32,2
37,37,3
124,40,4
125,45,3
124,22,5
92,21,4
18,20,4
155,32,3
91,6,5
34,3,4
12,41,5
106,29,1
43,27,4
78,44,5
144,41,4
77,28,1
54,5,5
109,6,5
115,4,1
29,17,3
54,10,5
6,1,3
69,44,3
114,42,5
148,48,4
45,18,3
60,17,4
32,14,4
132,30,4
35,26,2
21,46,3
141,31,4
131,31,3
89,13,4
152,4,5
158,27,2
62,0,5
29,29,3
44,13,4
1,4,2
68,12,4
102,33,4
105,29,4
86,2,3
46,19,5
143,8,4
54,22,4
15,3,1
74,15,5
100,15,4
31,40,3
43,43,4
23,30,3
49,37,5
96,44,3
30,4,4
128,6,4
46,42,5
132,32,5
148,6,4
118,33,5
7,34,3
14,38,2
56,17,3
32,46,4
60,19,5
105,27,5
131,40,4
64,40,4
142,41,5
118,10,5
67,4,5
133,27,5
70,21,4
71,33,4
94,17,2
81,10,2
120,1,5
147,3,5
26,28,3
38,2,5
76,12,4
93,9,2
9,34,3
110,27,4
86,22,5
49,15,4
142,8,5
103,5,5
24,2,4
92,34,4
63,14,1
117,25,1
49,38,3
26,0,2
104,31,5
8,27,3
37,25,4
103,30,3
91,36,5
148,41,3
115,44,4
54,13,3
91,35,5
156,3,5
141,28,3
109,46,5
117,43,1
32,44,4
39,40,3
151,23,3
91,31,5
42,5,5
104,34,3
150,28,5
147,39,5
97,35,4
91,0,5
111,19,1
152,36,5
48,47,4
129,48,2
14,36,3
82,34,4
0,47,2
89,30,4
51,45,4
144,29,4
54,18,3
19,17,3
135,18,5
23,27,4
138,30,2
83,2,4
83,3,5
73,4,3
30,7,4
102,36,4
126,28,3
122,46,4
138,19,5
78,20,2
1,22,1
134,41,5
21,2,2
65,16,4
65,30,3
79,3,4
10,32,5
11,23,5
142,44,5
147,22,4
39,6,2
9,48,2
107,18,3
127,22,5
126,47,5
65,7,3
20,46,4
128,46,3
117,17,5
62,15,5
56,39,5
4,24,5
38,20,4
118,48,5
116,24,4
146,24,4
64,47,5
119,48,5
83,9,4
148,35,4
87,34,3
130,41,5
143,2,5
112,0,2
112,7,3
1,30,3
25,22,4
57,43,4
64,35,2
152,20,2
93,13,5
31,38,3
158,1,3
85,28,1
50,45,3
34,23,4
25,4,2
155,43,4
148,20,3
130,4,4
148,27,5
16,24,5
147,25,4
141,30,4
65,45,5
89,37,2
2,33,3
30,36,4
150,30,4
66,23,5
91,21,5
46,3,4
154,21,5
25,41,5
135,45,5
138,8,2
97,24,4
128,39,3
65,27,3
42,34,4
72,15,3
31,16,5
130,35,3
99,46,5
51,2,4
146,46,5
103,1,1
47,14,3
153,5,5
136,4,5
28,43,4
77,48,3
95,43,4
69,30,3
105,32,3
22,15,3
27,33,3
150,24,3
93,26,3
28,26,5
72,8,4
111,35,2
86,46,4
136,39,3
27,20,3
142,21,5
9,40,3
72,2,5
16,39,5
145,43,5
147,46,4
66,24,5
91,48,5
59,39,4
69,22,4
64,0,3
43,34,4
3,12,3
48,8,3
102,48,1
138,5,2
138,46,2
71,44,5
121,47,3
122,45,4
89,11,5
30,44,5
66,21,5
21,22,2
4,33,5
18,45,2
148,10,4
43,35,4
146,40,5
83,45,5
102,4,4
150,1,2
23,29,2
61,39,5
1,14,3
7,45,4
70,45,1
54,47,1
8,10,2
109,47,5
12,23,5
139,44,4
71,20,3
55,0,5
142,9,4
42,23,5
73,15,4
74,36,3
111,33,5
122,1,3
80,2,5
99,1,5
28,36,5
37,24,3
123,1,3
55,30,5
125,39,5
127,23,5
133,7,5
109,17,5
32,12,4
31,8,5
52,37,5
158,34,4
139,9,4
65,38,1
8,5,3
78,45,5
52,7,3
36,36,4
49,35,4
118,11,3
146,9,5
20,1,3
99,36,3
141,47,4
107,31,4
139,2,4
150,33,5
124,12,5
64,37,3
94,45,2
86,42,5
127,43,5
27,36,3
4,31,4
148,31,4
149,37,4
41,38,2
90,4,4
156,43,4
125,28,1
40,18,4
106,2,1
108,22,4
137,10,1
137,19,5
5,29,2
113,8,5
18,0,5
156,21,1
1,15,5
12,4,5
129,42,4
134,42,5
78,0,5
103,20,4
76,21,4
99,27,3
47,10,4
123,48,3
111,34,3
45,14,2
21,20,2
113,38,1
123,45,4
23,14,1
27,18,3
24,37,4
147,32,3
102,32,4
0,41,2
98,21,5
32,17,5
139,48,5
8,42,2
33,25,4
29,11,3
142,36,4
65,8,1
13,26,5
52,40,3
9,18,5
134,11,4
90,43,4
126,20,4
60,37,5
129,1,1
23,34,2
91,10,5
128,11,3
17,2,4
62,25,5
134,34,5
101,37,5
94,12,3
124,4,1
77,39,3
63,6,3
123,33,3
97,12,4
32,32,4
7,3,5
24,1,4
111,28,1
46,37,3
49,23,4
4,20,2
21,7,4
152,19,4
128,28,1
40,19,4
79,13,4
140,22,3
138,47,4
100,8,5
112,39,3
135,25,5
144,39,4
137,6,3
40,1,3
21,15,3
93,39,3
144,36,5
148,5,4
95,10,3
54,11,2
16,18,5
20,38,3
90,21,4
76,23,3
118,5,5
40,34,3
158,31,2
20,32,5
131,3,5
61,13,5
45,20,2
145,23,3
7,16,4
58,32,4
50,18,5
18,43,5
103,4,3
141,2,4
97,16,4
26,4,2
4,17,5
156,36,4
4,5,5
76,36,5
120,2,5
54,7,4
151,12,5
10,35,4
102,26,2
103,38,2
43,5,4
63,37,4
90,29,3
123,19,5
95,7,4
38,47,3
134,12,5
17,17,3
136,27,5
23,28,2
7,43,5
86,7,5
16,16,5
17,4,4
103,36,3
58,43,4
62,33,2
16,29,3
137,40,1
57,28,2
81,3,1
112,48,4
157,1,3
108,17,3
85,14,3
99,45,4
149,9,5
43,40,4
125,7,3
6,18,4
113,30,3
147,40,4
40,33,4
85,31,3
80,8,5
92,31,5
34,15,5
34,17,4
54,37,4
71,21,5
104,47,4
119,36,5
1,23,5
78,11,5
29,14,1
20,28,3
109,21,5
28,47,1
4,40,4
119,27,5
78,19,4
39,44,3
83,46,4
135,12,5
47,42,3
153,39,5
44,24,5
113,22,5
78,34,4
101,44,5
157,39,4
60,24,5
104,2,3
17,29,4
136,36,3
118,35,5
86,5,5
56,34,1
113,12,5
82,45,3
34,38,2
67,2,5
114,17,5
141,22,2
117,20,2
143,27,4
34,47,3
133,48,2
0,17,5
73,27,4
135,9,4
119,7,5
53,16,5
122,3,5
94,19,4
22,22,4
75,26,3
18,39,4
34,9,3
145,14,2
11,6,5
63,34,5
128,38,2
11,45,3
118,46,5
34,35,4
17,32,5
158,20,3
57,29,3
69,7,5
38,30,4
81,30,1
107,43,3
3,5,4
44,19,4
61,34,5
50,1,5
70,14,2
19,1,1
114,14,4
150,11,5
131,0,5
108,27,5
23,17,3
10,29,4
83,37,3
62,14,4
39,4,3
93,36,3
92,27,5
138,11,5
93,38,2
43,4,5
10,34,4
1,12,5
146,11,5
148,33,3
91,41,5
60,10,5
105,7,5
33,34,3
130,20,4
114,23,5
14,42,2
56,31,4
92,44,4
82,35,3
100,26,5
22,46,4
138,40,3
55,37,5
16,2,5
30,47,4
1,16,5
128,19,3
2,9,3
129,23,5
124,14,5
148,19,3
74,10,3
88,14,5
118,27,4
55,38,4
11,13,3
63,48,5
91,5,5
52,32,5
141,3,4
14,47,3
116,45,2
131,36,1
8,37,2
19,7,4
14,5,4
107,1,3
144,6,5
108,32,4
34,34,4
116,0,3
15,14,3
109,29,1
80,18,3
8,33,2
10,27,2
75,37,2
35,48,5
151,31,3
45,22,5
124,32,4
35,35,5
141,14,4
153,16,5
19,33,4
37,35,2
140,13,3
3,22,3
117,0,5
97,0,3
18,5,5
127,44,5
37,21,3
43,26,3
26,14,3
150,39,5
97,8,3
87,3,5
127,28,1
62,22,3
72,35,5
22,29,1
18,11,1
29,23,3
144,27,5
140,25,5
157,14,4
108,20,5
111,42,3
132,6,5
41,45,5
143,15,4
140,15,3
141,5,2
132,22,4
135,48,4
12,12,5
74,16,1
87,0,5
135,40,4
0,24,4
68,4,5
10,8,4
127,6,5
155,23,4
15,9,4
147,16,3
106,37,5
143,39,5
26,10,3
145,39,5
105,39,5
109,23,3
56,16,4
68,32,5
5,19,5
16,17,5
72,7,1
83,33,5
28,18,5
6,20,4
92,20,4
125,30,3
154,47,4
158,23,5
103,46,1
63,46,3
71,3,4
129,16,3
89,10,5
61,1,5
89,5,4
84,2,4
21,36,3
113,18,5
3,33,4
25,46,3
67,31,4
19,37,4
49,43,5
57,17,3
87,6,5
136,44,1
126,18,5
16,35,5
23,41,3
43,18,4
46,15,3
142,24,5
52,16,5
66,36,5
109,33,4
122,47,5
69,29,5
110,22,3
113,44,5
84,16,4
32,13,4
122,12,4
151,41,4
77,45,5
139,40,4
43,37,3
126,29,5
52,30,3
13,15,2
154,2,3
150,40,5
115,36,4
152,30,3
156,25,1
108,10,3
22,32,4
51,36,4
71,48,5
115,15,5
151,44,2
80,27,4
52,33,3
82,44,1
0,9,5
56,46,4
82,7,5
121,27,5
7,36,4
122,7,3
119,33,5
127,14,3
85,36,2
30,35,3
73,36,4
147,18,5
12,25,5
62,39,5
60,43,3
94,46,3
137,0,2
54,45,5
27,9,3
100,47,3
119,14,5
155,41,3
138,29,2
56,26,4
22,6,4
82,36,4
66,48,5
77,23,5
86,12,5
129,33,5
65,6,4
126,7,5
13,2,5
39,19,3
83,48,3
15,7,3
106,4,1
61,24,5
61,9,5
44,42,4
158,17,4
74,32,5
127,31,5
147,21,5
116,16,3
81,12,2
16,40,5
143,13,2
104,16,5
88,16,3
64,29,4
8,8,4
145,21,4
152,25,5
29,40,3
81,38,1
35,21,5
95,8,5
47,29,3
152,6,5
38,14,3
93,46,1
74,13,5
10,10,4
39,21,3
130,12,4
133,16,5
33,20,4
103,37,4
140,41,1
137,24,3
100,38,4
155,24,5
41,46,2
152,5,5
120,46,5
114,32,1
43,48,2
136,41,4
98,19,4
128,10,4
84,15,5
104,7,4
152,7,5
32,2,4
57,31,4
38,1,5
5,35,3
153,14,3
55,18,5
67,24,2
43,19,4
150,6,5
138,41,3
59,33,3
33,1,4
66,6,3
34,33,4
32,11,5
133,44,2
95,35,4
24,0,1
87,37,5
9,11,5
1,46,5
144,37,4
55,40,3
49,13,5
101,10,5
22,36,2
91,40,3
3,46,4
123,3,5
29,4,4
42,13,5
70,26,1
93,2,3
16,23,5
83,14,4
69,34,3
83,44,5
87,2,5
22,24,3
51,35,5
135,0,5
125,22,4
114,10,4
118,17,5
131,46,1
6,15,5
25,15,4
59,38,3
82,19,4
143,28,3
93,47,3
4,22,5
132,16,4
151,38,2
62,47,2
96,31,3
116,42,3
95,9,5
147,24,4
149,23,2
68,16,4
118,45,5
56,35,4
156,30,4
41,30,3
78,21,5
107,13,5
146,14,4
66,19,4
143,7,5
145,1,2
10,21,5
56,38,4
21,4,2
31,11,3
131,5,2
73,9,4
47,34,4
87,22,5
129,28,2
83,40,2
136,47,4
94,48,4
72,41,2
75,40,2
10,40,3
69,18,5
138,38,2
97,27,3
37,38,3
101,4,3
114,11,4
156,20,1
127,29,3
113,14,3
155,26,3
44,32,1
14,24,3
155,29,3
110,2,4
25,47,3
141,21,5
28,10,4
77,27,4
144,8,2
120,21,5
24,17,2
124,15,4
37,20,4
59,46,4
46,47,5
70,20,5
108,37,3
120,8,5
34,39,5
154,14,3
156,40,4
133,22,5
5,31,5
108,13,4
114,19,4
19,29,4
9,45,3
25,10,3
108,38,4
60,2,4
99,7,4
121,28,1
158,42,5
85,41,3
127,33,4
115,45,5
52,42,5
136,1,2
88,41,4
140,46,3
75,0,1
145,9,2
71,12,4
120,18,5
15,35,5
137,12,1
2,35,3
82,40,5
37,19,5
93,11,2
54,33,5
138,17,2
147,30,5
115,38,5
156,26,4
71,5,2
146,44,4
98,42,4
28,30,2
123,23,2
13,1,3
59,47,3
80,30,3
14,31,3
144,10,4
118,23,5
76,29,5
113,40,5
154,48,2
5,12,5
123,42,2
126,4,5
50,37,4
13,47,1
44,40,5
48,12,5
93,19,5
25,26,5
7,28,4
48,4,4
50,12,2
18,36,3
0,29,2
41,42,2
73,30,4
59,36,4
96,12,4
4,14,4
120,43,5
49,33,5
132,47,4
82,14,3
96,46,3
58,42,3
82,23,3
152,11,4
65,23,2
149,15,3
86,28,2
72,36,4
36,4,5
130,15,5
13,28,1
134,44,5
157,5,5
145,40,3
132,13,4
66,12,5
33,14,3
98,34,5
17,22,3
14,32,2
101,40,5
71,4,3
140,8,3
83,26,5
27,14,3
70,39,3
115,18,5
152,39,5
108,31,3
132,18,4
14,7,5
64,24,4
136,48,3
112,23,4
53,20,5
153,20,5
91,39,5
142,6,5
66,28,3
140,30,4
152,22,4
37,22,1
130,26,3
92,47,4
134,27,5
65,39,3
44,31,5
83,12,3
49,21,5
148,37,4
156,44,4
129,39,5
126,27,5
158,43,3
11,5,5
4,16,5
32,6,5
125,14,3
119,23,5
86,36,4
108,7,5
152,38,3
13,22,5
154,9,3
52,36,5
14,46,4
93,27,2
37,10,3
150,36,5
25,19,4
53,31,5
136,11,1
90,20,3
8,16,2
143,5,3
91,15,5
58,39,5
134,13,5
145,16,4
66,16,4
122,4,3
16,10,4
96,16,3
4,43,5
50,46,3
63,19,3
107,4,4
81,35,5
131,27,1
21,35,3
156,33,4
22,16,4
71,36,3
80,45,4
132,40,3
157,23,4
29,38,3
61,28,3
37,11,3
47,17,4
56,1,4
156,22,4
75,35,3
112,45,3
143,33,3
120,42,5
86,34,5
94,33,2
117,13,5
26,21,3
66,41,5
114,26,4
3,18,5
54,21,5
90,12,4
92,32,1
85,46,2
127,4,5
124,45,4
91,38,5
62,11,2
12,43,5
138,48,2
42,48,5
142,43,4
5,44,5
141,4,1
40,40,4
81,27,4
70,2,4
21,6,3
79,14,3
134,8,5
4,34,5
31,3,3
96,29,2
80,24,3
126,21,5
140,42,3
33,17,3
28,20,3
96,8,3
75,3,3
104,5,5
145,19,3
95,28,2
7,22,4
140,19,3
96,14,3
145,20,3
141,12,3
35,5,5
110,3,5
50,10,4
94,38,3
133,46,4
118,1,3
102,22,3
79,6,5
103,34,3
150,27,5
136,8,3
130,45,3
66,35,4
98,43,5
22,23,3
41,16,4
31,15,4
139,42,5
148,24,5
5,13,4
112,21,5
94,7,5
135,36,4
29,48,3
104,17,5
65,18,5
101,48,3
55,21,5
117,45,5
73,44,3
108,46,2
67,9,3
0,28,3
148,16,5
15,34,3
1,19,5
90,5,5
66,38,5
5,8,4
84,42,4
53,14,5
122,34,4
56,9,4
23,23,3
10,46,4
113,15,4
153,3,5
153,40,5
28,13,3
141,46,3
143,41,5
121,12,5
85,7,2
21,32,3
54,27,4
37,18,3
59,21,5
152,12,4
112,26,4
87,11,5
104,46,5
80,0,4
140,9,3
70,19,4
98,45,3
58,1,3
98,36,4
57,34,3
35,45,4
3,17,2
31,21,5
119,6,5
104,39,5
24,11,4
137,34,2
57,25,2
10,47,4
92,29,4
117,34,5
98,33,5
14,11,3
151,39,4
129,2,1
66,42,2
45,27,5
64,21,5
141,17,3
145,46,5
33,44,4
61,20,2
7,44,5
100,37,4
69,35,5
113,21,5
84,30,5
37,12,1
14,0,4
116,19,2
45,7,5
158,22,5
3,39,5
27,12,2
98,4,4
0,26,3
70,12,5
2,29,3
73,1,5
87,20,5
24,24,4
152,31,4
43,6,5
67,18,5
72,38,1
124,30,3
157,8,5
70,5,5
18,41,2
152,26,2
107,15,2
17,27,4
104,25,3
36,38,3
158,40,5
115,31,5
22,30,4
25,35,5
34,37,4
32,19,3
11,34,3
5,27,2
1,31,5
74,3,5
10,14,4
91,43,5
6,5,3
21,38,1
72,9,3
102,15,2
116,10,3
156,4,4
16,28,4
125,27,1
8,34,2
60,44,2
68,38,3
88,19,3
137,15,2
30,1,4
72,16,4
132,25,4
68,30,3
21,44,4
66,25,5
39,31,2
80,39,5
134,23,5
39,18,2
19,18,4
129,14,3
10,30,4
62,20,3
32,37,4
88,27,3
89,25,5
133,45,5
34,8,4
98,10,5
148,34,3
47,12,5
135,26,3
25,44,4
84,12,5
36,9,5
88,29,4
36,29,5
123,24,4
78,17,5
21,29,2
96,11,4
62,46,3
138,14,3
41,2,3
78,8,5
66,5,5
138,39,3
33,6,5
88,4,3
68,25,5
9,21,4
41,33,3
133,36,5
87,30,2
69,25,4
9,36,2
148,14,4
109,24,4
10,17,3
50,0,5
67,1,2
12,2,4
99,23,4
139,46,3
128,5,4
70,38,2
102,7,4
1,43,2
55,6,5
47,23,4
26,32,4
95,27,4
4,39,5
89,18,1
82,6,4
69,24,5
38,23,3
80,29,2
139,31,4
76,0,5
63,41,4
158,13,3
103,25,3
95,44,5
40,36,4
26,9,3
150,0,4
2,24,4
71,16,4
118,25,5
141,35,3
149,4,1
138,36,3
26,24,3
133,29,5
158,10,5
43,17,3
14,8,5
153,32,5
142,48,5
115,10,2
132,1,3
141,42,3
9,23,5
57,3,3
129,8,4
144,28,2
16,21,2
134,29,5
28,42,2
20,14,2
103,41,5
27,27,2
7,4,4
92,38,2
46,4,5
123,6,4
89,8,5
80,11,2
122,42,4
76,10,3
65,13,3
52,34,3
48,17,4
13,17,3
101,5,5
58,37,3
150,16,3
153,1,5
85,27,2
78,35,4
130,11,3
125,23,3
108,35,5
59,11,5
71,28,2
53,25,5
108,24,5
105,10,4
78,9,3
12,31,5
136,2,3
123,40,3
9,13,2
138,45,1
127,25,5
70,1,2
108,9,4
105,44,5
137,25,4
66,4,1
121,36,5
140,48,3
41,1,5
6,23,3
134,47,5
89,29,1
43,29,4
38,8,5
136,38,1
140,26,2
79,31,4
135,42,5
79,18,2
43,41,3
34,16,4
31,1,3
110,30,3
127,8,5
51,27,5
20,36,4
33,29,3
7,14,4
66,45,4
81,23,3
56,30,4
122,31,4
121,11,3
14,2,2
102,19,5
79,48,4
57,19,3
6,0,5
111,4,1
84,33,4
97,1,3
35,15,4
120,9,5
44,28,3
50,23,1
22,47,1
91,45,5
9,39,5
3,15,4
23,42,3
88,33,4
141,18,3
62,9,4
31,41,3
76,5,3
152,41,4
131,9,3
131,26,1
94,3,3
118,7,4
90,38,3
51,20,2
51,9,5
112,11,4
111,18,5
78,40,5
84,32,3
20,26,2
87,32,5
25,25,3
101,13,5
133,25,5
42,9,5
141,13,4
1,41,5
76,11,3
5,25,5
100,2,4
24,30,3
2,47,2
147,47,5
99,25,5
97,15,3
14,40,3
62,18,5
43,31,4
93,8,4
16,5,5
143,48,4
154,7,3
70,22,5
48,37,4
9,31,5
20,21,5
9,32,5
14,28,2
56,15,3
98,48,4
104,26,3
101,42,4
125,8,3
7,27,4
64,22,4
83,19,5
4,6,5
62,30,2
77,41,3
123,16,4
20,3,4
111,39,5
47,46,2
85,39,4
2,34,2
112,13,4
82,18,5
123,41,4
96,6,4
135,7,5
106,17,1
20,16,3
43,2,4
70,10,5
89,40,4
143,46,1
90,1,3
143,20,4
154,35,5
85,34,4
155,7,4
132,15,5
53,33,3
79,42,3
57,26,2
97,20,3
152,2,4
127,17,5
65,3,5
28,14,5
43,22,4
15,1,4
113,36,4
55,27,3
1,47,1
59,10,3
33,45,2
86,14,3
74,33,3
124,42,4
4,42,5
156,15,4
67,30,4
150,5,5
109,4,4
37,31,2
119,10,5
138,26,2
22,40,4
124,2,5
154,39,5
51,43,5
38,3,4
95,3,3
113,16,4
39,32,3
86,23,5
19,47,1
31,4,4
133,5,4
136,15,2
30,46,4
64,27,3
140,44,3
146,3,5
147,5,4
137,41,4
6,12,5
154,28,5
94,24,4
120,35,5
130,19,5
3,0,5
17,33,4
13,8,2
6,29,3
68,15,4
109,41,3
77,37,5
103,2,5
0,37,5
51,47,3
46,7,5
29,30,4
1,5,2
0,25,5
59,7,4
2,42,2
84,17,5
36,34,5
3,44,3
130,18,4
127,42,5
19,38,1
128,34,3
130,44,4
16,25,3
59,34,3
28,3,3
9,33,4
66,10,2
11,44,5
51,22,5
29,27,3
154,33,5
107,2,5
76,27,4
105,9,3
67,26,5
62,32,5
60,12,5
13,38,3
39,22,2
111,9,5
44,47,2
42,43,5
82,48,5
7,15,4
40,45,3
18,23,2
28,1,3
68,18,4
74,46,4
44,29,3
83,24,5
46,5,4
84,38,5
112,36,4
25,45,5
110,26,4
148,15,3
86,45,4
59,4,4
77,15,5
130,21,5
90,17,4
80,48,5
106,27,1
89,6,1
57,10,3
50,48,3
78,29,4
147,10,4
12,9,4
49,28,4
81,39,3
120,26,5
59,13,3
1,7,5
8,29,4
103,28,3
21,42,4
11,36,5
55,25,5
142,38,4
48,11,5
86,18,5
154,12,3
4,0,3
142,7,4
37,23,3
75,1,4
120,3,5
100,43,5
95,29,3
134,3,5
68,11,5
1,21,5
3,10,3
113,32,5
156,17,4
83,16,5
33,31,5
143,9,5
75,33,4
32,18,2
3,34,3
137,33,2
154,1,3
72,5,4
26,35,3
124,23,3
142,16,5
125,24,5
39,5,3
82,25,5
28,37,5
29,41,3
45,2,5
148,30,3
67,20,5
141,36,4
57,36,4
88,38,4
96,33,1
104,11,4
106,40,1
45,16,4
85,2,3
144,35,4
43,47,2
61,18,5
52,5,5
2,19,5
88,11,3
132,9,3
4,12,5
63,22,2
137,39,3
80,41,4
28,15,5
24,21,5
137,20,1
27,47,2
96,40,2
96,28,2
81,24,5
102,25,5
70,40,5
154,46,5
125,20,3
90,40,3
44,36,3
93,43,4
131,48,4
61,32,4
37,48,2
30,18,4
37,8,4
57,16,4
24,41,4
13,46,1
52,8,5
78,30,5
46,18,2
42,2,4
69,28,4
146,26,3
22,27,3
67,33,3
36,33,5
100,35,3
145,11,3
112,33,3
14,45,2
134,32,3
114,3,4
26,48,3
37,47,4
108,3,4
70,17,3
126,33,5
114,45,4
131,45,3
48,25,5
35,29,3
117,8,4
52,39,5
6,42,2
39,45,3
39,46,3
142,18,5
21,21,5
106,36,2
103,10,1
34,2,4
50,30,4
92,0,4
141,9,3
9,10,4
151,35,4
157,42,4
155,14,3
62,37,4
151,45,4
132,7,3
97,34,1
108,21,5
98,12,5
105,5,4
138,33,2
143,30,4
3,40,5
115,22,3
124,34,4
57,47,2
64,8,5
116,29,1
5,47,2
152,14,4
144,16,5
75,10,5
112,34,4
8,6,3
0,34,3
54,35,5
94,41,5
144,21,5
60,47,1
34,27,4
69,46,3
150,8,5
11,30,4
91,29,2
131,2,3
109,36,1
66,8,5
108,0,5
18,42,1
83,4,1
150,43,5
5,24,5
113,45,5
61,11,1
117,48,1
52,44,3
55,20,3
155,48,2
142,22,5
118,41,5
130,34,3
15,27,5
21,27,3
39,7,3
71,0,3
50,34,4
95,33,5
110,15,3
40,35,4
142,14,3
59,45,4
38,17,4
74,37,3
10,25,5
154,31,5
47,28,5
70,15,2
3,35,4
149,39,5
135,29,2
30,24,4
19,31,4
65,0,3
53,40,5
62,40,4
50,36,3
113,5,4
78,33,5
45,30,3
69,36,5
139,5,5
31,34,1
77,13,4
41,14,5
155,39,5
75,22,2
64,17,5
109,30,1
104,45,4
38,31,4
101,14,5
14,41,3
82,42,3
153,8,5
74,40,2
24,36,4
115,40,3
86,48,5
26,30,3
28,11,3
32,10,4
121,6,4
78,46,5
45,36,3
89,27,5
117,24,5
52,26,5
81,17,4
87,38,4
100,22,2
82,33,4
0,2,1
80,10,4
131,37,3
155,9,3
34,43,4
50,20,4
48,48,3
132,36,4
14,17,4
105,37,5
54,28,1
95,36,4
149,25,5
31,45,2
102,20,4
121,3,5
92,23,4
86,11,3
145,17,4
130,48,4
156,9,2
83,25,3
101,34,5
6,14,5
76,19,5
7,11,4
44,26,4
12,38,4
155,25,5
54,25,5
26,20,3
98,16,5
34,28,1
144,4,4
123,31,5
155,4,2
0,45,3
145,45,4
53,5,2
122,48,4
71,7,4
56,11,4
47,5,5
65,42,4
38,16,4
131,11,2
46,2,5
95,13,4
12,28,4
144,24,3
53,19,5
47,16,5
157,10,4
60,15,4
153,23,5
57,41,3
25,11,4
46,46,4
135,30,4
136,42,1
11,33,5
54,40,2
17,42,4
69,27,4
19,11,4
63,31,3
9,24,2
79,19,3
74,1,5
75,20,4
130,6,4
125,29,2
15,13,4
116,1,4
118,9,5
52,6,5
81,1,2
130,46,4
106,28,4
101,39,5
10,19,4
24,15,4
0,16,4
72,37,4
52,3,5
42,6,5
6,43,4
28,39,5
119,37,5
105,4,5
30,16,4
12,7,4
57,7,2
91,7,5
157,0,3
51,1,4
39,37,3
7,10,4
144,7,4
82,32,4
65,5,4
27,29,2
156,37,4
56,12,4
58,13,3
14,30,4
105,33,5
124,19,4
66,17,4
129,43,5
77,34,4
67,40,5
11,1,4
22,0,4
73,34,5
65,29,4
130,40,3
79,26,2
122,39,5
156,31,4
112,46,4
0,42,4
106,47,2
36,16,4
54,31,5
88,36,3
69,20,4
142,47,5
44,44,4
93,1,3
106,33,2
49,36,5
157,35,5
106,13,5
35,46,4
92,42,3
27,23,3
80,43,5
63,36,3
70,30,5
151,34,3
65,15,4
95,21,5
31,36,3
83,23,3
27,30,3
59,8,1
139,22,4
24,16,4
42,19,5
80,32,5
121,23,3
96,1,2
48,31,5
69,11,3
69,43,5
63,24,5
41,11,5
13,21,5
63,7,3
58,29,3
124,16,2
30,21,5
41,26,3
105,20,3
92,15,5
18,18,5
26,29,5
91,13,5
68,22,5
139,32,5
155,40,3
53,48,5
17,18,4
149,1,2
97,7,4
48,42,5
83,36,4
127,3,5
23,7,3
56,45,4
78,42,3
117,16,5
69,33,3
120,0,5
59,5,4
43,32,5
82,47,4
57,22,3
128,42,4
50,35,4
79,30,1
8,45,4
54,1,5
143,10,3
154,15,4
109,28,1
39,12,3
92,9,3
36,3,5
119,17,5
13,6,5
128,24,4
96,35,3
62,21,5
116,38,1
129,38,4
157,11,4
104,14,4
40,22,5
152,47,4
23,21,5
41,40,5
107,42,4
57,45,2
15,38,2
115,16,4
94,26,2
155,36,4
38,21,4
32,21,5
54,30,2
113,28,2
151,20,3
153,25,5
66,7,5
23,12,4
89,26,5
123,34,5
34,21,5
90,44,4
150,4,3
73,33,3
145,12,5
119,46,5
95,31,4
61,25,5
74,20,2
114,34,4
61,2,5
7,47,5
126,37,5
96,0,4
96,32,5
66,11,5
80,38,3
109,48,4
12,20,5
30,19,4
99,13,3
44,1,4
43,0,3
73,13,4
148,47,4
3,43,4
5,14,3
7,31,4
31,5,5
153,47,5
144,23,4
10,12,4
117,6,5
41,13,3
128,33,3
27,34,3
149,27,3
50,7,5
28,25,5
116,40,3
54,14,2
155,28,5
117,41,5
105,16,5
149,34,3
48,40,4
16,41,5
71,29,3
47,15,5
120,29,5
13,14,1
12,17,4
127,34,5
54,32,2
56,23,2
80,31,4
65,28,2
105,2,5
119,15,5
132,17,3
49,16,4
35,25,5
127,24,5
130,28,2
30,26,5
34,29,4
158,5,5
77,9,2
38,44,5
22,39,4
15,36,2
125,0,4
45,44,5
22,41,3
84,26,5
139,27,4
103,44,4
3,29,3
153,19,5
55,22,4
18,47,1
67,8,2
70,7,3
150,38,5
18,21,5
91,27,5
53,30,3
70,44,2
43,3,4
74,26,4
39,0,4
149,43,3
94,36,2
56,48,1
155,10,5
123,28,1
58,45,3
6,10,2
28,41,3
101,28,4
132,5,4
34,14,4
68,5,3
33,35,4
7,37,4
37,43,2
130,0,3
61,6,3
158,2,3
93,21,4
30,45,4
48,10,4
39,36,3
10,20,2
152,27,5
145,22,2
66,31,4
23,3,4
25,38,2
100,25,5
34,11,4
70,36,3
72,44,4
153,29,5
81,44,3
83,31,4
35,8,4
38,7,5
21,1,3
44,15,5
66,9,4
80,3,5
69,14,2
81,26,1
153,41,5
7,41,4
103,13,4
87,23,5
63,12,5
135,31,3
155,44,3
5,45,1
107,27,3
80,47,5
33,2,4
116,37,2
13,0,1
94,11,3
133,2,5
50,17,1
72,1,3
83,17,2
88,39,4
130,3,3
93,12,4
41,34,5
36,20,3
9,47,1
145,15,5
53,24,3
51,15,5
29,1,1
75,21,3
125,10,4
26,26,3
109,44,5
29,46,1
57,8,2
20,5,4
142,0,5
97,4,4
127,0,5
75,16,2
85,18,4
91,47,5
26,22,3
149,32,1
128,22,2
104,44,4
31,7,4
117,15,5
110,4,4
152,0,5
90,42,5
114,39,5
58,11,2
50,14,3
2,14,4
35,42,4
102,28,4
84,19,4
71,34,4
1,27,5
64,42,3
99,5,3
73,42,5
4,30,5
142,28,4
152,21,5
46,22,5
135,38,3
91,18,5
144,19,5
116,28,2
135,15,5
104,29,4
21,13,2
135,39,5
119,22,5
57,2,4
100,31,4
89,22,4
141,44,3
26,1,2
24,48,2
135,33,4
15,45,4
65,41,5
84,29,5
151,25,2
67,32,5
68,26,2
19,32,1
132,43,5
45,45,5
24,44,5
156,18,4
123,29,4
58,26,3
120,11,5
96,20,2
63,4,3
51,42,3
94,21,5
130,24,5
45,12,5
68,10,3
93,3,2
19,44,4
83,27,3
153,18,5
23,32,3
103,15,3
136,20,2
9,20,2
57,37,3
119,41,5
24,18,4
76,34,5
45,40,2
126,36,5
8,46,3
101,38,5
111,5,5
39,3,3
79,7,3
92,14,5
63,2,3
143,22,3
35,22,3
75,6,4
68,21,5
31,30,4
26,47,3
155,5,4
108,45,2
96,15,2
15,18,4
110,10,4
16,36,5
152,33,3
35,27,4
15,44,3
110,33,4
141,15,4
26,27,2
106,14,3
116,7,2
149,38,5
30,5,5
156,45,4
67,28,3
72,21,5
47,45,5
41,29,5
51,46,4
47,6,5
103,6,1
41,17,4
43,1,4
91,37,4
98,29,3
61,36,5
63,27,2
151,10,3
130,8,3
98,6,5
106,18,1
59,18,3
24,27,4
55,23,5
143,43,4
46,33,5
62,19,4
62,8,4
0,6,4
46,8,4
68,45,5
16,1,5
7,24,4
47,40,5
119,0,5
113,17,5
114,48,3
31,48,2
71,31,4
89,24,5
8,35,4
5,7,5
29,20,4
30,34,4
30,48,4
67,0,5
83,47,3
84,39,5
106,39,5
96,4,1
87,12,5
123,27,5
85,42,2
21,9,4
134,15,4
9,44,3
108,29,3
36,30,5
40,28,3
87,19,5
94,35,4
158,11,4
79,23,4
82,21,5
50,28,4
52,28,3
144,9,5
109,26,1
67,7,5
1,13,2
73,12,3
122,37,5
128,26,2
123,30,5
129,41,3
82,26,1
84,46,4
25,3,5
121,10,4
27,15,3
36,48,5
132,14,4
20,41,3
76,8,3
107,8,5
54,23,2
41,31,2
58,0,5
98,26,4
52,21,5
144,2,3
95,6,4
6,11,4
104,40,3
147,38,3
137,4,3
8,19,5
112,37,4
28,28,3
69,6,5
9,0,5
134,10,4
106,30,5
80,1,3
121,18,3
146,43,5
117,30,2
6,7,3
141,0,4
73,35,4
143,21,2
33,8,2
11,27,3
40,7,4
96,48,1
35,11,3
63,16,2
119,30,5
146,4,5
39,15,3
133,0,5
20,10,4
138,9,2
80,28,2
109,25,2
138,7,3
139,16,4
64,48,5
84,40,2
2,7,3
90,7,4
120,17,5
147,15,5
3,41,4
57,40,2
85,13,5
124,18,5
19,45,4
16,37,3
7,5,4
5,43,5
37,36,2
92,12,4
47,13,5
123,2,4
115,12,4
14,34,3
11,40,2
121,13,5
21,47,3
141,24,4
45,47,3
109,27,2
82,24,3
1,28,5
86,1,4
144,45,4
95,4,5
133,3,5
80,35,5
129,21,4
69,31,5
94,0,5
107,29,4
152,1,5
60,16,3
145,10,5
116,6,5
56,36,3
144,13,3
8,30,4
85,25,5
44,33,4
1,29,2
79,45,4
8,32,5
12,15,5
92,41,4
105,18,4
61,45,2
59,35,3
78,28,2
35,4,4
103,29,4
128,35,4
107,10,4
69,45,4
17,19,3
104,13,5
14,10,3
97,36,2
66,39,5
35,40,2
119,35,5
136,43,4
131,32,4
86,38,4
42,12,5
112,17,3
89,19,4
151,48,5
146,37,5
33,15,3
36,42,5
117,40,5
53,12,5
49,19,5
133,31,5
96,27,4
129,47,3
30,27,3
94,23,3
59,2,5
30,0,5
103,16,5
51,23,4
27,1,3
68,9,3
115,14,2
131,23,3
68,27,4
83,39,5
8,17,4
54,41,3
111,40,4
149,19,3
58,9,3
72,25,5
47,35,3
3,42,3
146,17,5
51,6,5
124,1,5
23,6,5
125,17,4
48,22,3
154,8,5
77,40,5
57,14,3
12,46,4
24,40,5
64,33,4
22,35,1
75,15,5
55,35,5
148,17,5
99,18,3
125,6,5
128,21,5
29,44,2
62,4,1
126,1,5
123,46,3
2,37,4
62,28,5
31,18,3
25,28,1
69,1,5
38,27,5
116,12,3
103,24,5
79,16,4
84,8,1
51,13,3
22,31,4
137,32,3
9,7,3
19,21,4
47,39,5
130,14,5
157,31,5
90,41,4
106,0,1
37,30,1
71,24,4
46,48,3
94,22,4
30,12,4
75,23,4
55,31,4
131,24,4
114,6,5
63,45,4
151,5,3
28,45,4
77,44,5
11,46,5
84,43,4
110,17,4
112,25,5
153,0,5
28,5,4
32,4,4
152,17,1
88,48,3
2,6,4
123,18,5
110,31,4
10,2,2
40,14,4
134,45,5
9,35,2
56,44,3
18,33,3
103,18,5
12,3,4
69,26,4
84,18,5
98,35,4
16,42,3
131,7,3
135,32,5
95,22,5
17,36,3
2,41,3
65,31,4
91,34,5
16,44,5
33,23,3
58,5,3
37,17,1
129,11,1
82,29,5
147,2,3
147,0,1
20,6,4
13,12,2
23,22,4
156,2,4
6,45,3
81,6,2
150,37,5
32,38,3
121,4,4
101,12,5
21,39,4
139,17,2
151,24,5
12,10,4
7,1,4
120,31,5
141,48,2
71,6,3
44,12,5
2,28,4
87,39,5
11,41,2
91,44,5
46,32,5
67,39,5
100,24,4
151,26,1
42,37,5
94,34,2
81,21,5
145,27,5
36,28,2
143,24,5
58,25,5
127,15,5
48,36,3
104,42,3
88,45,3
64,31,3
143,40,5
4,25,5
10,22,4
81,19,3
40,38,1
19,10,4
82,0,5
17,40,5
102,9,2
129,40,1
101,1,5
151,15,4
46,43,5
69,40,3
127,38,3
150,47,5
5,39,5
51,26,5
92,7,5
143,26,1
156,28,1
89,4,4
80,9,5
89,12,4
125,2,3
100,21,4
119,5,5
48,19,4
39,9,1
17,34,3
111,3,5
137,43,4
130,42,4
137,22,2
133,18,4
69,17,4
114,30,5
33,39,4
95,17,5
78,7,5
36,26,5
47,7,5
65,34,4
21,48,1
97,28,3
109,18,5
88,23,4
152,34,4
126,15,5
17,41,2
49,17,4
76,15,5
156,27,4
45,13,5
9,27,4
77,18,5
34,10,4
99,15,3
101,21,5
27,17,2
141,26,1
25,8,4
60,27,3
126,40,4
73,10,4
143,44,2
109,40,5
72,48,3
126,39,5
154,22,5
89,21,5
107,14,4
47,33,4
133,9,3
136,37,1
52,10,5
89,45,4
83,5,3
140,18,5
98,5,4
88,21,3
68,35,5
41,37,5
122,14,4
2,11,1
87,40,5
20,45,3
45,26,5
86,19,3
45,31,5
87,45,5
130,25,3
71,35,4
142,40,3
112,9,5
99,8,3
77,29,5
64,5,4
138,13,4
9,6,4
87,41,5
158,7,4
108,11,4
58,20,3
129,15,5
119,21,5
118,15,5
149,36,2
151,1,1
50,5,3
90,11,3
109,37,1
26,3,3
42,47,5
150,23,5
141,7,3
150,15,5
20,37,4
30,42,3
121,42,5
42,42,4
9,42,3
76,22,3
118,0,4
132,0,4
115,19,5
20,18,4
132,37,3
107,30,5
15,12,3
17,45,3
35,7,4
71,11,3
56,2,4
92,25,4
36,13,5
17,11,5
47,0,2
2,39,5
23,9,2
149,26,2
105,41,4
24,9,3
139,21,5
61,14,5
114,0,4
26,19,3
137,27,3
151,14,3
145,2,1
126,14,5
23,46,3
14,19,3
10,13,2
67,6,4
89,43,4
8,26,1
69,38,5
107,12,3
127,5,5
155,46,4
12,21,5
76,35,4
84,20,2
36,41,4
109,0,4
141,45,2
81,28,1
60,8,5
112,40,2
29,45,5
60,18,5
75,13,2
101,47,5
135,24,4
79,11,1
116,25,3
2,45,3
74,6,5
131,34,3
139,25,5
93,16,4
132,23,2
124,39,4
123,38,2
97,48,4
21,26,2
12,18,4
63,8,5
58,31,4
132,11,4
75,24,4
85,22,5
3,16,4
125,21,4
116,17,1
70,31,3
18,15,3
47,24,5
130,47,4
100,16,5
126,19,5
120,47,5
107,19,5
20,33,4
22,10,5
113,1,4
44,43,5
154,4,5
19,6,4
124,31,5
28,24,5
44,2,5
39,42,3
111,11,2
70,29,5
153,7,5
27,4,2
19,9,3
23,35,5
127,11,4
153,30,5
144,31,5
137,21,3
22,1,3
31,22,4
136,14,3
149,2,2
38,40,4
46,31,5
22,44,1
149,18,4
19,5,4
9,22,3
117,18,4
67,16,5
30,30,4
14,43,4
88,26,4
60,9,4
95,47,5
32,31,4
120,12,5
94,10,3
135,27,3
23,33,4
59,27,4
147,37,4
141,25,3
116,27,4
122,13,5
48,18,3
71,43,4
62,17,4
67,25,5
118,19,5
94,13,2
49,29,3
110,37,3
101,29,3
48,3,4
63,17,5
75,25,1
37,39,5
105,31,5
7,6,4
20,27,3
117,26,3
22,19,3
31,9,4
63,29,3
79,8,4
25,27,5
98,25,5
20,12,5
32,30,2
34,20,3
87,43,5
131,44,3
137,2,3
149,14,1
109,9,4
149,30,1
127,27,1
136,16,4
149,12,5
73,39,3
52,0,3
143,38,3
127,36,1
79,22,4
2,16,4
102,42,3
69,2,3
149,46,5
24,38,4
145,37,4
90,35,5
6,34,2
143,17,5
20,47,3
32,27,5
85,9,3
16,30,3
37,0,5
66,46,5
157,4,4
32,42,3
32,0,4
29,16,3
73,14,4
30,41,3
137,47,1
156,7,4
122,24,5
155,3,2
140,31,3
31,12,5
146,20,4
149,3,5
74,45,4
38,9,3
41,24,4
3,31,5
16,13,5
123,43,3
118,21,5
128,16,3
81,2,4
32,26,3
142,26,5
113,20,3
136,33,2
40,37,4
100,11,5
146,15,4
115,39,5
48,13,3
149,17,4
2,4,2
56,20,2
92,3,4
99,38,2
120,27,5
66,44,2
139,12,5
76,9,3
115,29,2
97,11,1
60,29,4
68,44,4
39,23,2
125,47,3
60,39,5
3,3,3
29,9,3
47,11,3
156,13,4
1,20,2
9,26,3
39,30,4
131,33,3
104,20,4
85,3,5
152,44,4
121,24,4
129,3,2
10,1,4
96,22,4
22,5,4
93,31,3
155,13,4
0,35,3
24,8,4
68,33,2
48,43,4
94,44,3
19,27,4
88,30,5
54,6,5
28,40,3
20,15,5
78,3,3
109,42,4
57,35,4
141,19,3
27,40,3
1,40,1
125,41,4
91,8,5
97,30,1
139,41,5
5,41,4
11,19,2
83,20,2
79,44,5
128,2,5
117,27,5
123,7,1
132,42,3
34,25,5
89,44,3
146,35,5
154,13,5
52,18,3
4,45,4
5,23,5
82,27,5
15,31,4
62,3,4
112,4,1
50,19,5
33,48,2
1,37,4
121,32,2
130,39,4
91,14,5
153,13,5
49,34,3
124,37,4
66,37,5
105,40,4
89,20,3
46,20,2
90,36,4
127,47,5
81,48,3
26,31,3
16,0,4
144,33,4
135,17,5
72,4,4
55,47,1
110,48,5
153,17,5
48,1,5
4,7,5
158,41,3
10,15,4
107,6,5
122,33,4
61,26,5
58,38,2
24,35,4
146,28,3
28,7,5
58,14,2
78,24,5
67,14,2
155,38,3
138,23,3
85,16,3
155,45,4
26,33,3
20,42,5
4,28,2
7,42,4
144,44,3
63,0,5
86,41,5
19,13,3
151,32,4
139,18,5
8,2,4
119,19,5
75,34,3
95,11,3
129,19,2
42,45,5
49,46,3
80,12,5
99,19,4
35,17,4
114,4,4
32,23,3
119,31,5
2,46,5
136,25,4
36,47,5
86,21,5
153,12,5
76,28,5
32,24,5
105,43,5
106,32,3
78,10,4
43,42,3
54,9,3
147,1,4
19,22,4
28,27,4
111,32,3
117,2,2
43,46,3
83,0,4
106,46,4
113,31,5
155,21,4
36,19,5
98,13,5
142,31,5
108,25,5
39,2,3
6,24,5
24,19,4
122,20,3
114,28,2
136,28,3
71,9,3
93,17,4
93,25,1
123,26,4
110,43,4
49,26,5
116,47,4
73,8,3
62,34,3
73,40,5
125,11,3
23,18,4
142,13,4
62,36,4
72,12,4
9,46,3
89,2,1
113,23,5
11,47,4
143,23,4
114,43,5
115,28,1
104,22,3
43,44,4
16,12,5
60,14,4
64,11,2
78,36,4
7,23,3
60,46,2
47,25,1
43,28,5
20,29,3
11,2,2
40,20,3
53,17,2
36,23,2
112,12,5
21,24,3
53,11,5
76,20,5
77,1,3
146,6,5
34,1,4
51,40,3
142,3,5
75,7,3
149,28,1
122,36,4
31,28,3
142,11,4
46,9,3
64,7,3
139,8,4
38,33,5
72,32,5
18,3,5
25,37,4
108,28,1
76,25,5
49,42,4
128,37,4
8,9,4
18,31,3
38,46,5
99,39,5
44,45,3
61,8,2
108,34,5
153,22,5
132,39,4
74,23,3
151,9,3
58,23,3
113,13,5
24,13,3
0,32,3
157,48,3
36,44,5
29,13,5
101,32,5
157,6,5
52,13,5
42,40,4
122,32,3
55,26,5
119,26,5
102,43,4
87,29,5
133,43,5
31,23,4
86,37,4
35,6,5
146,25,5
24,10,4
84,23,4
105,45,4
19,19,4
55,41,5
128,30,4
156,34,4
22,34,2
102,23,2
58,6,5
15,28,4
53,8,5
36,45,5
32,15,4
132,21,5
111,48,5
4,48,5
64,43,5
68,46,3
17,39,3
63,35,3
49,30,4
126,5,5
104,9,3
157,9,4
67,35,5
54,0,5
45,19,4
106,26,1
118,13,4
144,30,3
88,47,4
92,39,5
55,8,3
155,6,4
20,24,5
45,35,5
25,12,5
81,20,2
96,5,2
111,22,4
81,34,4
109,22,5
151,11,2
67,29,5
122,0,4
21,43,3
17,12,3
41,48,3
48,15,4
108,41,5
26,11,2
84,34,4
37,34,1
18,12,4
141,39,2
67,22,4
53,22,5
143,29,3
55,45,3
157,17,3
58,44,3
0,11,2
19,14,2
157,43,5
79,43,4
84,25,2
21,0,3
67,15,4
44,5,5
102,11,5
128,9,3
147,48,3
118,47,5
58,7,3
132,45,4
39,29,2
150,45,4
27,16,3
67,17,5
26,8,3
146,41,5
27,41,3
51,33,5
140,14,5
23,45,1
116,21,4
108,26,1
11,43,5
137,48,1
63,32,3
126,6,5
120,19,5
153,9,5
62,5,5
85,11,4
59,0,4
65,10,3
91,22,4
36,0,5
68,39,4
19,3,3
103,35,5
88,17,4
40,4,4
79,35,4
72,33,3
32,7,4
18,10,4
110,14,4
29,18,5
14,1,2
76,2,3
121,46,3
